,player0_position_x,player0_position_y,player0_position_z,player0_position_a,player1_position_x,player1_position_y,player1_position_z,player1_position_a,order0,order1,player0_int_position_x,player0_int_position_z,player0_int_position_a,player1_int_position_x,player1_int_position_z,player1_int_position_a,time
0,15.73,0,8.6,0.0,5.8,0,8.6,0.0,Sushi_Fish,Sushi_Fish,9,6,0,1,6,0,0
1,15.73,0,8.6,0.0,5.8,0,8.6,0.0,Sushi_Fish,Sushi_Fish,9,6,0,1,6,0,1
2,15.73,0,8.6,0.0,5.8,0,8.6,0.0,Sushi_Fish,Sushi_Fish,9,6,0,1,6,0,2
3,15.73,0,8.6,0.0,5.8,0,8.6,0.0,Sushi_Fish,Sushi_Fish,9,6,0,1,6,0,3
4,15.73,0,8.6,0.0,5.8,0,8.6,0.0,Sushi_Fish,Sushi_Fish,9,6,0,1,6,0,4
5,15.73,0,8.6,0.0,5.8,0,8.6,0.0,Sushi_Fish,Sushi_Fish,9,6,0,1,6,0,5
6,15.73,0,8.6,0.0,5.8,0,8.6,0.0,Sushi_Fish,Sushi_Fish,9,6,0,1,6,0,6
7,15.73,0,8.6,0.0,5.8,0,8.6,0.0,Sushi_Fish,Sushi_Fish,9,6,0,1,6,0,7
8,15.73,0,8.6,0.0,5.8,0,8.6,0.0,Sushi_Fish,Sushi_Fish,9,6,0,1,6,0,8
9,15.73,0,8.6,0.0,5.8,0,8.6,0.0,Sushi_Fish,Sushi_Fish,9,6,0,1,6,0,9
10,15.73,0,8.6,0.0,5.8,0,8.6,0.0,Sushi_Fish,Sushi_Fish,9,6,0,1,6,0,10
11,15.73,0,8.6,0.0,5.8,0,8.6,0.0,Sushi_Fish,Sushi_Fish,9,6,0,1,6,0,11
12,15.73,0,8.6,0.0,5.8,0,8.6,0.0,Sushi_Fish,Sushi_Fish,9,6,0,1,6,0,12
13,15.73,0,8.6,0.0,5.8,0,8.6,0.0,Sushi_Fish,Sushi_Fish,9,6,0,1,6,0,13
14,15.73,0,8.6,0.0,5.8,0,8.6,0.0,Sushi_Fish,Sushi_Fish,9,6,0,1,6,0,14
15,15.73,0,8.6,0.0,5.8,0,8.6,0.0,Sushi_Fish,Sushi_Fish,9,6,0,1,6,0,15
16,15.73,0,8.6,0.0,5.8,0,8.6,0.0,Sushi_Fish,Sushi_Fish,9,6,0,1,6,0,16
17,15.73,0,8.6,0.0,5.8,0,8.6,0.0,Sushi_Fish,Sushi_Fish,9,6,0,1,6,0,17
18,15.73,0,8.6,0.0,5.8,0,8.6,0.0,Sushi_Fish,Sushi_Fish,9,6,0,1,6,0,18
19,15.73,0,8.6,0.0,5.8,0,8.6,0.0,Sushi_Fish,Sushi_Fish,9,6,0,1,6,0,19
20,15.73,0,8.6,0.0,5.8,0,8.6,0.0,Sushi_Fish,Sushi_Fish,9,6,0,1,6,0,20
21,15.73,0,8.6,0.0,5.8,0,8.6,0.0,Sushi_Fish,Sushi_Fish,9,6,0,1,6,0,21
22,15.73,0,8.6,0.0,5.8,0,8.6,0.0,Sushi_Fish,Sushi_Fish,9,6,0,1,6,0,22
23,15.73,0,8.6,0.0,5.8,0,8.6,0.0,Sushi_Fish,Sushi_Fish,9,6,0,1,6,0,23
24,15.73,0,8.6,0.0,5.8,0,8.6,0.0,Sushi_Fish,Sushi_Fish,9,6,0,1,6,0,24
25,15.73,0,8.6,0.0,5.8,0,8.6,0.0,Sushi_Fish,Sushi_Fish,9,6,0,1,6,0,25
26,15.73,0,8.6,0.0,5.8,0,8.6,0.0,Sushi_Fish,Sushi_Fish,9,6,0,1,6,0,26
27,15.73,0,8.6,0.0,5.8,0,8.6,0.0,Sushi_Fish,Sushi_Fish,9,6,0,1,6,0,27
28,15.73,0,8.6,0.0,5.8,0,8.6,0.0,Sushi_Fish,Sushi_Fish,9,6,0,1,6,0,28
29,15.73,0,8.6,0.0,5.8,0,8.6,0.0,Sushi_Fish,Sushi_Fish,9,6,0,1,6,0,29
30,15.73,0,8.6,0.0,5.8,0,8.6,0.0,Sushi_Fish,Sushi_Fish,9,6,0,1,6,0,30
31,15.73,0,8.6,0.0,5.8,0,8.6,0.0,Sushi_Fish,Sushi_Fish,9,6,0,1,6,0,31
32,15.73,0,8.6,0.0,5.8,0,8.6,0.0,Sushi_Fish,Sushi_Fish,9,6,0,1,6,0,32
33,15.73,0,8.6,0.0,5.8,0,8.6,0.0,Sushi_Fish,Sushi_Fish,9,6,0,1,6,0,33
34,15.73,0,8.6,0.0,5.8,0,8.6,0.0,Sushi_Fish,Sushi_Fish,9,6,0,1,6,0,34
35,15.73,0,8.6,0.0,5.8,0,8.6,0.0,Sushi_Fish,Sushi_Fish,9,6,0,1,6,0,35
36,15.73,0,8.6,0.0,5.8,0,8.6,0.0,Sushi_Fish,Sushi_Fish,9,6,0,1,6,0,36
37,15.97,0,8.6,76.39,5.8,0,8.6,0.0,Sushi_Fish,Sushi_Fish,9,6,1,1,6,0,37
38,16.33,0,8.6,90.0,5.8,0,8.6,0.0,Sushi_Fish,Sushi_Fish,10,6,1,1,6,0,38
39,16.33,0,8.6,90.0,5.8,0,8.6,0.0,Sushi_Fish,Sushi_Fish,10,6,1,1,6,0,39
40,16.33,0,8.6,90.0,5.8,0,8.6,0.0,Sushi_Fish,Sushi_Fish,10,6,1,1,6,0,40
41,16.33,0,8.6,90.0,5.8,0,8.6,0.0,Sushi_Fish,Sushi_Fish,10,6,1,1,6,0,41
42,16.33,0,8.6,109.1,5.8,0,8.6,0.0,Sushi_Fish,Sushi_Fish,10,6,1,1,6,0,42
43,16.09,0,8.6,185.49,5.8,0,8.6,0.0,Sushi_Fish,Sushi_Fish,9,6,2,1,6,0,43
44,15.73,0,8.6,204.59,5.8,0,8.6,0.0,Sushi_Fish,Sushi_Fish,9,6,2,1,6,0,44
45,15.73,0,8.6,204.59,5.8,0,8.6,0.0,Sushi_Fish,Sushi_Fish,9,6,2,1,6,0,45
46,15.73,0,8.6,204.59,5.8,0,8.6,0.0,Sushi_Fish,Sushi_Fish,9,6,2,1,6,0,46
47,15.73,0,8.6,204.59,5.8,0,8.6,0.0,Sushi_Fish,Sushi_Fish,9,6,2,1,6,0,47
48,15.73,0,8.6,204.59,5.8,0,8.6,0.0,Sushi_Fish,Sushi_Fish,9,6,2,1,6,0,48
49,15.73,0,8.6,204.59,5.8,0,8.6,0.0,Sushi_Fish,Sushi_Fish,9,6,2,1,6,0,49
50,15.73,0,8.6,204.59,5.8,0,8.6,0.0,Sushi_Fish,Sushi_Fish,9,6,2,1,6,0,50
51,15.73,0,8.6,204.59,5.8,0,8.6,0.0,Sushi_Fish,Sushi_Fish,9,6,2,1,6,0,51
52,15.73,0,8.6,204.59,5.8,0,8.6,0.0,Sushi_Fish,Sushi_Fish,9,6,2,1,6,0,52
53,15.73,0,8.6,204.59,5.8,0,8.6,0.0,Sushi_Fish,Sushi_Fish,9,6,2,1,6,0,53
54,15.73,0,8.6,204.59,5.8,0,8.6,0.0,Sushi_Fish,Sushi_Fish,9,6,2,1,6,0,54
55,15.73,0,8.6,204.59,5.8,0,8.6,0.0,Sushi_Fish,Sushi_Fish,9,6,2,1,6,0,55
56,15.73,0,8.6,204.59,5.8,0,8.6,0.0,Sushi_Fish,Sushi_Fish,9,6,2,1,6,0,56
57,15.73,0,8.6,204.59,5.8,0,8.6,0.0,Sushi_Fish,Sushi_Fish,9,6,2,1,6,0,57
58,15.73,0,8.6,204.59,5.8,0,8.6,0.0,Sushi_Fish,Sushi_Fish,9,6,2,1,6,0,58
59,15.73,0,8.6,204.59,5.8,0,8.6,0.0,Sushi_Fish,Sushi_Fish,9,6,2,1,6,0,59
60,15.73,0,8.6,204.59,5.8,0,8.6,0.0,Sushi_Fish,Sushi_Fish,9,6,2,1,6,0,60
61,15.73,0,8.6,204.59,5.8,0,8.6,0.0,Sushi_Fish,Sushi_Fish,9,6,2,1,6,0,61
62,15.73,0,8.6,204.59,5.8,0,8.6,0.0,Sushi_Fish,Sushi_Fish,9,6,2,1,6,0,62
63,15.73,0,8.6,204.59,5.8,0,8.6,0.0,Sushi_Fish,Sushi_Fish,9,6,2,1,6,0,63
64,15.73,0,8.6,204.59,5.8,0,8.6,0.0,Sushi_Fish,Sushi_Fish,9,6,2,1,6,0,64
65,15.73,0,8.6,204.59,5.8,0,8.6,0.0,Sushi_Fish,Sushi_Fish,9,6,2,1,6,0,65
66,15.73,0,8.6,204.59,5.8,0,8.6,0.0,Sushi_Fish,Sushi_Fish,9,6,2,1,6,0,66
67,15.73,0,8.6,204.59,5.8,0,8.6,0.0,Sushi_Fish,Sushi_Fish,9,6,2,1,6,0,67
68,15.73,0,8.6,204.59,5.8,0,8.6,0.0,Sushi_Fish,Sushi_Fish,9,6,2,1,6,0,68
69,15.73,0,8.6,204.59,5.8,0,8.6,0.0,Sushi_Fish,Sushi_Fish,9,6,2,1,6,0,69
70,15.73,0,8.6,204.59,5.8,0,8.6,0.0,Sushi_Fish,Sushi_Fish,9,6,2,1,6,0,70
71,15.73,0,8.6,204.59,5.8,0,8.6,0.0,Sushi_Fish,Sushi_Fish,9,6,2,1,6,0,71
72,15.73,0,8.6,204.59,5.8,0,8.6,0.0,Sushi_Fish,Sushi_Fish,9,6,2,1,6,0,72
73,15.73,0,8.6,204.59,5.8,0,8.6,0.0,Sushi_Fish,Sushi_Fish,9,6,2,1,6,0,73
74,15.73,0,8.6,204.59,5.8,0,8.6,0.0,Sushi_Fish,Sushi_Fish,9,6,2,1,6,0,74
75,15.73,0,8.6,204.59,5.8,0,8.6,0.0,Sushi_Fish,Sushi_Fish,9,6,2,1,6,0,75
76,15.73,0,8.6,204.59,5.8,0,8.6,0.0,Sushi_Fish,Sushi_Fish,9,6,2,1,6,0,76
77,15.73,0,8.6,204.59,5.8,0,8.6,0.0,Sushi_Fish,Sushi_Fish,9,6,2,1,6,0,77
78,15.73,0,8.6,204.59,5.8,0,8.6,0.0,Sushi_Fish,Sushi_Fish,9,6,2,1,6,0,78
79,15.73,0,8.6,204.59,5.8,0,8.6,0.0,Sushi_Fish,Sushi_Fish,9,6,2,1,6,0,79
80,15.73,0,8.6,204.59,5.8,0,8.6,0.0,Sushi_Fish,Sushi_Fish,9,6,2,1,6,0,80
81,15.73,0,8.6,204.59,5.8,0,8.6,0.0,Sushi_Fish,Sushi_Fish,9,6,2,1,6,0,81
82,15.73,0,8.6,204.59,5.8,0,8.6,0.0,Sushi_Fish,Sushi_Fish,9,6,2,1,6,0,82
83,15.73,0,8.6,204.59,5.8,0,8.6,0.0,Sushi_Fish,Sushi_Fish,9,6,2,1,6,0,83
84,15.73,0,8.6,204.59,5.8,0,8.6,0.0,Sushi_Fish,Sushi_Fish,9,6,2,1,6,0,84
85,15.73,0,8.6,204.59,5.8,0,8.6,0.0,Sushi_Fish,Sushi_Fish,9,6,2,1,6,0,85
86,15.73,0,8.6,204.59,5.8,0,8.6,0.0,Sushi_Fish,Sushi_Fish,9,6,2,1,6,0,86
87,15.73,0,8.6,204.59,5.8,0,8.6,0.0,Sushi_Fish,Sushi_Fish,9,6,2,1,6,0,87
88,15.73,0,8.6,204.59,5.8,0,8.6,0.0,Sushi_Fish,Sushi_Fish,9,6,2,1,6,0,88
89,15.73,0,8.6,204.59,5.8,0,8.6,0.0,Sushi_Fish,Sushi_Fish,9,6,2,1,6,0,89
90,15.73,0,8.6,204.59,5.8,0,8.6,0.0,Sushi_Fish,Sushi_Fish,9,6,2,1,6,0,90
91,15.73,0,8.6,204.59,5.8,0,8.6,0.0,Sushi_Fish,Sushi_Fish,9,6,2,1,6,0,91
92,15.73,0,8.6,204.59,5.8,0,8.6,0.0,Sushi_Fish,Sushi_Fish,9,6,2,1,6,0,92
93,15.73,0,8.6,204.59,5.8,0,8.6,0.0,Sushi_Fish,Sushi_Fish,9,6,2,1,6,0,93
94,15.73,0,8.6,204.59,5.8,0,8.6,0.0,Sushi_Fish,Sushi_Fish,9,6,2,1,6,0,94
95,15.73,0,8.6,204.59,5.8,0,8.6,0.0,Sushi_Fish,Sushi_Fish,9,6,2,1,6,0,95
96,15.73,0,8.6,204.59,5.8,0,8.6,0.0,Sushi_Fish,Sushi_Fish,9,6,2,1,6,0,96
97,15.73,0,8.6,204.59,5.8,0,8.6,0.0,Sushi_Fish,Sushi_Fish,9,6,2,1,6,0,97
98,15.73,0,8.6,204.59,5.8,0,8.6,0.0,Sushi_Fish,Sushi_Fish,9,6,2,1,6,0,98
99,15.73,0,8.6,204.59,5.8,0,8.6,0.0,Sushi_Fish,Sushi_Fish,9,6,2,1,6,0,99
100,15.73,0,8.6,204.59,5.8,0,8.6,0.0,Sushi_Fish,Sushi_Fish,9,6,2,1,6,0,100
101,15.73,0,8.6,204.59,5.8,0,8.6,0.0,Sushi_Fish,Sushi_Fish,9,6,2,1,6,0,101
102,15.73,0,8.6,204.59,5.8,0,8.6,0.0,Sushi_Fish,Sushi_Fish,9,6,2,1,6,0,102
103,15.73,0,8.6,204.59,5.8,0,8.6,0.0,Sushi_Fish,Sushi_Fish,9,6,2,1,6,0,103
104,15.73,0,8.6,204.59,5.8,0,8.6,0.0,Sushi_Fish,Sushi_Fish,9,6,2,1,6,0,104
105,15.73,0,8.6,204.59,5.8,0,8.6,0.0,Sushi_Fish,Sushi_Fish,9,6,2,1,6,0,105
106,15.73,0,8.6,204.59,5.8,0,8.6,0.0,Sushi_Fish,Sushi_Fish,9,6,2,1,6,0,106
107,15.73,0,8.6,204.59,5.8,0,8.6,0.0,Sushi_Fish,Sushi_Fish,9,6,2,1,6,0,107
108,15.73,0,8.6,204.59,5.8,0,8.6,0.0,Sushi_Fish,Sushi_Fish,9,6,2,1,6,0,108
109,15.73,0,8.6,204.59,5.8,0,8.6,0.0,Sushi_Fish,Sushi_Fish,9,6,2,1,6,0,109
110,15.73,0,8.6,204.59,5.8,0,8.6,0.0,Sushi_Fish,Sushi_Fish,9,6,2,1,6,0,110
111,15.73,0,8.6,204.59,5.8,0,8.6,0.0,Sushi_Fish,Sushi_Fish,9,6,2,1,6,0,111
112,15.73,0,8.6,204.59,5.8,0,8.6,0.0,Sushi_Fish,Sushi_Fish,9,6,2,1,6,0,112
113,15.73,0,8.6,204.59,5.8,0,8.6,0.0,Sushi_Fish,Sushi_Fish,9,6,2,1,6,0,113
114,15.73,0,8.6,204.59,5.8,0,8.6,0.0,Sushi_Fish,Sushi_Fish,9,6,2,1,6,0,114
115,15.73,0,8.6,204.59,5.8,0,8.6,0.0,Sushi_Fish,Sushi_Fish,9,6,2,1,6,0,115
116,15.73,0,8.6,204.59,5.8,0,8.6,0.0,Sushi_Fish,Sushi_Fish,9,6,2,1,6,0,116
117,15.73,0,8.6,204.59,5.8,0,8.6,0.0,Sushi_Fish,Sushi_Fish,9,6,2,1,6,0,117
118,15.73,0,8.6,204.59,5.8,0,8.6,0.0,Sushi_Fish,Sushi_Fish,9,6,2,1,6,0,118
119,15.73,0,8.6,204.59,5.8,0,8.6,0.0,Sushi_Fish,Sushi_Fish,9,6,2,1,6,0,119
120,15.73,0,8.6,204.59,5.8,0,8.6,0.0,Sushi_Fish,Sushi_Fish,9,6,2,1,6,0,120
121,15.73,0,8.6,204.59,5.8,0,8.6,0.0,Sushi_Fish,Sushi_Fish,9,6,2,1,6,0,121
122,15.73,0,8.6,204.59,5.8,0,8.6,0.0,Sushi_Fish,Sushi_Fish,9,6,2,1,6,0,122
123,15.73,0,8.6,204.59,5.8,0,8.6,0.0,Sushi_Fish,Sushi_Fish,9,6,2,1,6,0,123
124,15.73,0,8.6,204.59,5.8,0,8.6,0.0,Sushi_Fish,Sushi_Fish,9,6,2,1,6,0,124
125,15.73,0,8.6,204.59,5.8,0,8.6,0.0,Sushi_Fish,Sushi_Fish,9,6,2,1,6,0,125
126,15.73,0,8.6,204.59,5.8,0,8.6,0.0,Sushi_Fish,Sushi_Fish,9,6,2,1,6,0,126
127,15.73,0,8.6,204.59,5.8,0,8.6,0.0,Sushi_Fish,Sushi_Fish,9,6,2,1,6,0,127
128,15.73,0,8.6,204.59,5.8,0,8.6,0.0,Sushi_Fish,Sushi_Fish,9,6,2,1,6,0,128
129,15.73,0,8.6,204.59,5.8,0,8.6,0.0,Sushi_Fish,Sushi_Fish,9,6,2,1,6,0,129
130,15.73,0,8.6,204.59,5.8,0,8.6,0.0,Sushi_Fish,Sushi_Fish,9,6,2,1,6,0,130
131,15.73,0,8.6,204.59,5.8,0,8.6,0.0,Sushi_Fish,Sushi_Fish,9,6,2,1,6,0,131
132,15.73,0,8.6,204.59,5.8,0,8.6,0.0,Sushi_Fish,Sushi_Fish,9,6,2,1,6,0,132
133,15.73,0,8.6,204.59,5.8,0,8.6,0.0,Sushi_Fish,Sushi_Fish,9,6,2,1,6,0,133
134,15.73,0,8.6,204.59,5.8,0,8.6,0.0,Sushi_Fish,Sushi_Fish,9,6,2,1,6,0,134
135,15.73,0,8.6,204.59,5.8,0,8.6,0.0,Sushi_Fish,Sushi_Fish,9,6,2,1,6,0,135
136,15.73,0,8.6,204.59,5.8,0,8.6,0.0,Sushi_Fish,Sushi_Fish,9,6,2,1,6,0,136
137,15.73,0,8.6,204.59,5.8,0,8.6,0.0,Sushi_Fish,Sushi_Fish,9,6,2,1,6,0,137
138,15.73,0,8.6,204.59,5.8,0,8.6,0.0,Sushi_Fish,Sushi_Fish,9,6,2,1,6,0,138
139,15.73,0,8.6,204.59,5.8,0,8.6,0.0,Sushi_Fish,Sushi_Fish,9,6,2,1,6,0,139
140,15.73,0,8.6,204.59,5.8,0,8.6,0.0,Sushi_Fish,Sushi_Fish,9,6,2,1,6,0,140
141,15.73,0,8.6,204.59,5.8,0,8.6,0.0,Sushi_Fish,Sushi_Fish,9,6,2,1,6,0,141
142,15.73,0,8.6,204.59,5.8,0,8.6,0.0,Sushi_Fish,Sushi_Fish,9,6,2,1,6,0,142
143,15.73,0,8.6,204.59,5.8,0,8.6,0.0,Sushi_Fish,Sushi_Fish,9,6,2,1,6,0,143
144,15.73,0,8.6,204.59,5.8,0,8.6,0.0,Sushi_Fish,Sushi_Fish,9,6,2,1,6,0,144
145,15.73,0,8.6,204.59,5.8,0,8.6,0.0,Sushi_Fish,Sushi_Fish,9,6,2,1,6,0,145
146,15.73,0,8.6,204.59,5.8,0,8.6,0.0,Sushi_Fish,Sushi_Fish,9,6,2,1,6,0,146
147,15.73,0,8.6,204.59,5.8,0,8.6,0.0,Sushi_Fish,Sushi_Fish,9,6,2,1,6,0,147
148,15.73,0,8.6,204.59,5.8,0,8.6,0.0,Sushi_Fish,Sushi_Fish,9,6,2,1,6,0,148
149,15.73,0,8.6,204.59,5.8,0,8.6,0.0,Sushi_Fish,Sushi_Fish,9,6,2,1,6,0,149
150,15.73,0,8.6,204.59,5.8,0,8.6,0.0,Sushi_Fish,Sushi_Fish,9,6,2,1,6,0,150
151,15.73,0,8.6,204.59,5.8,0,8.6,0.0,Sushi_Fish,Sushi_Fish,9,6,2,1,6,0,151
152,15.73,0,8.6,204.59,5.8,0,8.6,0.0,Sushi_Fish,Sushi_Fish,9,6,2,1,6,0,152
153,15.73,0,8.6,204.59,5.8,0,8.6,0.0,Sushi_Fish,Sushi_Fish,9,6,2,1,6,0,153
154,15.73,0,8.6,204.59,5.8,0,8.6,0.0,Sushi_Fish,Sushi_Fish,9,6,2,1,6,0,154
155,15.73,0,8.6,204.59,5.8,0,8.6,0.0,Sushi_Fish,Sushi_Fish,9,6,2,1,6,0,155
156,15.73,0,8.6,204.59,5.8,0,8.6,0.0,Sushi_Fish,Sushi_Fish,9,6,2,1,6,0,156
157,15.73,0,8.6,204.59,5.8,0,8.6,0.0,Sushi_Fish,Sushi_Fish,9,6,2,1,6,0,157
158,15.73,0,8.6,204.59,5.8,0,8.6,0.0,Sushi_Fish,Sushi_Fish,9,6,2,1,6,0,158
159,15.73,0,8.6,204.59,5.8,0,8.6,0.0,Sushi_Fish,Sushi_Fish,9,6,2,1,6,0,159
160,15.73,0,8.6,204.59,5.8,0,8.6,0.0,Sushi_Fish,Sushi_Fish,9,6,2,1,6,0,160
161,15.73,0,8.6,204.59,5.8,0,8.6,0.0,Sushi_Fish,Sushi_Fish,9,6,2,1,6,0,161
162,15.73,0,8.6,204.59,5.8,0,8.6,0.0,Sushi_Fish,Sushi_Fish,9,6,2,1,6,0,162
163,15.73,0,8.6,204.59,5.8,0,8.6,0.0,Sushi_Fish,Sushi_Fish,9,6,2,1,6,0,163
164,15.73,0,8.6,204.59,5.8,0,8.6,0.0,Sushi_Fish,Sushi_Fish,9,6,2,1,6,0,164
165,15.73,0,8.6,204.59,5.8,0,8.6,0.0,Sushi_Fish,Sushi_Fish,9,6,2,1,6,0,165
166,15.73,0,8.6,204.59,5.8,0,8.6,0.0,Sushi_Fish,Sushi_Fish,9,6,2,1,6,0,166
167,15.73,0,8.6,204.59,5.8,0,8.6,0.0,Sushi_Fish,Sushi_Fish,9,6,2,1,6,0,167
168,15.73,0,8.6,204.59,5.8,0,8.6,0.0,Sushi_Fish,Sushi_Fish,9,6,2,1,6,0,168
169,15.73,0,8.6,204.59,5.8,0,8.6,0.0,Sushi_Fish,Sushi_Fish,9,6,2,1,6,0,169
170,15.73,0,8.6,204.59,5.8,0,8.6,0.0,Sushi_Fish,Sushi_Fish,9,6,2,1,6,0,170
171,15.73,0,8.6,204.59,5.8,0,8.6,0.0,Sushi_Fish,Sushi_Fish,9,6,2,1,6,0,171
172,15.73,0,8.6,204.59,5.8,0,8.6,0.0,Sushi_Fish,Sushi_Fish,9,6,2,1,6,0,172
173,15.73,0,8.48,180.0,5.8,0,8.6,0.0,Sushi_Fish,Sushi_Fish,9,6,2,1,6,0,173
174,15.73,0,8.12,180.0,5.8,0,8.6,0.0,Sushi_Fish,Sushi_Fish,9,6,2,1,6,0,174
175,15.73,0,7.76,180.0,5.8,0,8.6,0.0,Sushi_Fish,Sushi_Fish,9,5,2,1,6,0,175
176,15.73,0,7.28,180.0,5.8,0,8.6,0.0,Sushi_Fish,Sushi_Fish,9,5,2,1,6,0,176
177,15.73,0,6.92,180.0,5.8,0,8.6,0.0,Sushi_Fish,Sushi_Fish,9,5,2,1,6,0,177
178,15.73,0,6.56,180.0,5.8,0,8.6,0.0,Sushi_Fish,Sushi_Fish,9,4,2,1,6,0,178
179,15.73,0,6.08,180.0,5.8,0,8.6,0.0,Sushi_Fish,Sushi_Fish,9,4,2,1,6,0,179
180,15.73,0,5.72,180.0,5.8,0,8.6,0.0,Sushi_Fish,Sushi_Fish,9,4,2,1,6,0,180
181,15.73,0,5.24,180.0,5.8,0,8.6,0.0,Sushi_Fish,Sushi_Fish,9,3,2,1,6,0,181
182,15.73,0,4.88,180.0,5.8,0,8.6,0.0,Sushi_Fish,Sushi_Fish,9,3,2,1,6,0,182
183,15.73,0,4.52,180.0,5.8,0,8.6,0.0,Sushi_Fish,Sushi_Fish,9,3,2,1,6,0,183
184,15.73,0,4.16,180.0,5.8,0,8.6,0.0,Sushi_Fish,Sushi_Fish,9,2,2,1,6,0,184
185,15.73,0,3.68,180.0,5.8,0,8.6,0.0,Sushi_Fish,Sushi_Fish,9,2,2,1,6,0,185
186,15.73,0,3.32,180.0,5.8,0,8.6,0.0,Sushi_Fish,Sushi_Fish,9,2,2,1,6,0,186
187,15.73,0,2.96,180.0,5.8,0,8.6,0.0,Sushi_Fish,Sushi_Fish,9,1,2,1,6,0,187
188,15.73,0,2.48,180.0,5.8,0,8.6,0.0,Sushi_Fish,Sushi_Fish,9,1,2,1,6,0,188
189,15.73,0,2.12,180.0,5.8,0,8.6,0.0,Sushi_Fish,Sushi_Fish,9,1,2,1,6,0,189
190,15.73,0,2.2,180.0,5.8,0,8.6,0.0,Sushi_Fish,Sushi_Fish,9,1,2,1,6,0,190
191,15.73,0,2.2,180.0,5.8,0,8.6,0.0,Sushi_Fish,Sushi_Fish,9,1,2,1,6,0,191
192,15.73,0,2.2,180.0,5.8,0,8.6,0.0,Sushi_Fish,Sushi_Fish,9,1,2,1,6,0,192
193,15.73,0,2.2,180.0,5.8,0,8.6,0.0,Sushi_Fish,Sushi_Fish,9,1,2,1,6,0,193
194,15.73,0,2.2,180.0,5.8,0,8.6,0.0,Sushi_Fish,Sushi_Fish,9,1,2,1,6,0,194
195,15.97,0,2.2,103.61,5.8,0,8.6,0.0,Sushi_Fish,Sushi_Fish,9,1,1,1,6,0,195
196,16.32,0,2.22,90.0,5.8,0,8.6,0.0,Sushi_Fish,Sushi_Fish,10,1,1,1,6,0,196
197,16.8,0,2.22,90.0,5.8,0,8.6,0.0,Sushi_Fish,Sushi_Fish,10,1,1,1,6,0,197
198,17.16,0,2.22,90.0,5.8,0,8.6,0.0,Sushi_Fish,Sushi_Fish,10,1,1,1,6,0,198
199,17.52,0,2.22,90.0,5.8,0,8.6,0.0,Sushi_Fish,Sushi_Fish,11,1,1,1,6,0,199
200,18.0,0,2.22,90.0,5.8,0,8.6,0.0,Sushi_Fish,Sushi_Fish,11,1,1,1,6,0,200
201,18.21,0,2.22,90.0,5.8,0,8.6,0.0,Sushi_Fish,Sushi_Fish,11,1,1,1,6,0,201
202,18.2,0,2.22,90.0,5.8,0,8.6,0.0,Sushi_Fish,Sushi_Fish,11,1,1,1,6,0,202
203,18.2,0,2.22,90.0,5.8,0,8.6,0.0,Sushi_Fish,Sushi_Fish,11,1,1,1,6,0,203
204,18.2,0,2.22,90.0,5.8,0,8.6,0.0,Sushi_Fish,Sushi_Fish,11,1,1,1,6,0,204
205,18.2,0,2.22,90.0,5.8,0,8.6,0.0,Sushi_Fish,Sushi_Fish,11,1,1,1,6,0,205
206,18.2,0,2.22,90.0,5.8,0,8.6,0.0,Sushi_Fish,Sushi_Fish,11,1,1,1,6,0,206
207,18.2,0,2.22,90.0,5.8,0,8.6,0.0,Sushi_Fish,Sushi_Fish,11,1,1,1,6,0,207
208,18.2,0,2.22,90.0,5.8,0,8.6,0.0,Sushi_Fish,Sushi_Fish,11,1,1,1,6,0,208
209,18.2,0,2.22,90.0,5.8,0,8.6,0.0,Sushi_Fish,Sushi_Fish,11,1,1,1,6,0,209
210,18.2,0,2.22,90.0,5.8,0,8.6,0.0,Sushi_Fish,Sushi_Fish,11,1,1,1,6,0,210
211,18.2,0,2.22,90.0,5.8,0,8.6,0.0,Sushi_Fish,Sushi_Fish,11,1,1,1,6,0,211
212,18.2,0,2.22,90.0,5.8,0,8.6,0.0,Sushi_Fish,Sushi_Fish,11,1,1,1,6,0,212
213,18.2,0,2.22,90.0,5.8,0,8.6,0.0,Sushi_Fish,Sushi_Fish,11,1,1,1,6,0,213
214,18.2,0,2.22,90.0,5.8,0,8.6,0.0,Sushi_Fish,Sushi_Fish,11,1,1,1,6,0,214
215,18.2,0,2.22,90.0,5.8,0,8.6,0.0,Sushi_Fish,Sushi_Fish,11,1,1,1,6,0,215
216,18.2,0,2.22,90.0,5.8,0,8.6,0.0,Sushi_Fish,Sushi_Fish,11,1,1,1,6,0,216
217,18.2,0,2.22,90.0,5.8,0,8.6,0.0,Sushi_Fish,Sushi_Fish,11,1,1,1,6,0,217
218,18.2,0,2.22,90.0,5.8,0,8.6,0.0,Sushi_Fish,Sushi_Fish,11,1,1,1,6,0,218
219,18.2,0,2.22,90.0,5.8,0,8.6,0.0,Sushi_Fish,Sushi_Fish,11,1,1,1,6,0,219
220,18.2,0,2.22,90.0,5.8,0,8.6,0.0,Sushi_Fish,Sushi_Fish,11,1,1,1,6,0,220
221,18.2,0,2.22,90.0,5.8,0,8.6,0.0,Sushi_Fish,Sushi_Fish,11,1,1,1,6,0,221
222,18.2,0,2.22,90.0,5.8,0,8.6,0.0,Sushi_Fish,Sushi_Fish,11,1,1,1,6,0,222
223,18.2,0,2.22,90.0,5.8,0,8.6,0.0,Sushi_Fish,Sushi_Fish,11,1,1,1,6,0,223
224,18.2,0,2.22,90.0,5.8,0,8.6,0.0,Sushi_Fish,Sushi_Fish,11,1,1,1,6,0,224
225,18.2,0,2.22,90.0,5.8,0,8.6,0.0,Sushi_Fish,Sushi_Fish,11,1,1,1,6,0,225
226,18.2,0,2.22,90.0,5.8,0,8.6,0.0,Sushi_Fish,Sushi_Fish,11,1,1,1,6,0,226
227,18.2,0,2.22,90.0,5.8,0,8.6,0.0,Sushi_Fish,Sushi_Fish,11,1,1,1,6,0,227
228,18.2,0,2.22,90.0,5.8,0,8.6,0.0,Sushi_Fish,Sushi_Fish,11,1,1,1,6,0,228
229,18.2,0,2.22,90.0,5.8,0,8.6,0.0,Sushi_Fish,Sushi_Fish,11,1,1,1,6,0,229
230,18.2,0,2.22,90.0,5.8,0,8.6,0.0,Sushi_Fish,Sushi_Fish,11,1,1,1,6,0,230
231,18.2,0,2.22,90.0,5.8,0,8.6,0.0,Sushi_Fish,Sushi_Fish,11,1,1,1,6,0,231
232,18.2,0,2.22,90.0,5.8,0,8.6,0.0,Sushi_Fish,Sushi_Fish,11,1,1,1,6,0,232
233,18.2,0,2.22,90.0,5.8,0,8.6,0.0,Sushi_Fish,Sushi_Fish,11,1,1,1,6,0,233
234,18.2,0,2.22,90.0,5.8,0,8.6,0.0,Sushi_Fish,Sushi_Fish,11,1,1,1,6,0,234
235,18.2,0,2.22,90.0,5.8,0,8.6,0.0,Sushi_Fish,Sushi_Fish,11,1,1,1,6,0,235
236,18.2,0,2.22,90.0,5.8,0,8.6,0.0,Sushi_Fish,Sushi_Fish,11,1,1,1,6,0,236
237,18.2,0,2.22,90.0,5.8,0,8.6,0.0,Sushi_Fish,Sushi_Fish,11,1,1,1,6,0,237
238,18.2,0,2.22,90.0,5.8,0,8.6,0.0,Sushi_Fish,Sushi_Fish,11,1,1,1,6,0,238
239,18.2,0,2.22,90.0,5.8,0,8.6,0.0,Sushi_Fish,Sushi_Fish,11,1,1,1,6,0,239
240,18.2,0,2.22,90.0,5.8,0,8.6,0.0,Sushi_Fish,Sushi_Fish,11,1,1,1,6,0,240
241,18.2,0,2.22,90.0,5.8,0,8.6,0.0,Sushi_Fish,Sushi_Fish,11,1,1,1,6,0,241
242,18.2,0,2.22,90.0,5.8,0,8.6,0.0,Sushi_Fish,Sushi_Fish,11,1,1,1,6,0,242
243,18.2,0,2.22,90.0,5.8,0,8.6,0.0,Sushi_Fish,Sushi_Fish,11,1,1,1,6,0,243
244,18.2,0,2.22,90.0,5.8,0,8.6,0.0,Sushi_Fish,Sushi_Fish,11,1,1,1,6,0,244
245,18.2,0,2.22,90.0,5.8,0,8.6,0.0,Sushi_Fish,Sushi_Fish,11,1,1,1,6,0,245
246,18.2,0,2.22,90.0,5.8,0,8.6,0.0,Sushi_Fish,Sushi_Fish,11,1,1,1,6,0,246
247,18.2,0,2.22,90.0,5.8,0,8.6,0.0,Sushi_Fish,Sushi_Fish,11,1,1,1,6,0,247
248,18.2,0,2.22,90.0,5.8,0,8.6,0.0,Sushi_Fish,Sushi_Fish,11,1,1,1,6,0,248
249,18.2,0,2.22,90.0,5.8,0,8.6,0.0,Sushi_Fish,Sushi_Fish,11,1,1,1,6,0,249
250,18.2,0,2.22,90.0,5.8,0,8.6,0.0,Sushi_Fish,Sushi_Fish,11,1,1,1,6,0,250
251,18.2,0,2.22,90.0,5.8,0,8.6,0.0,Sushi_Fish,Sushi_Fish,11,1,1,1,6,0,251
252,18.2,0,2.22,90.0,5.8,0,8.6,0.0,Sushi_Fish,Sushi_Fish,11,1,1,1,6,0,252
253,18.2,0,2.22,90.0,5.8,0,8.6,0.0,Sushi_Fish,Sushi_Fish,11,1,1,1,6,0,253
254,18.2,0,2.22,90.0,5.8,0,8.6,0.0,Sushi_Fish,Sushi_Fish,11,1,1,1,6,0,254
255,18.2,0,2.22,90.0,5.8,0,8.6,0.0,Sushi_Fish,Sushi_Fish,11,1,1,1,6,0,255
256,18.2,0,2.22,90.0,5.8,0,8.6,0.0,Sushi_Fish,Sushi_Fish,11,1,1,1,6,0,256
257,18.2,0,2.22,90.0,5.8,0,8.6,0.0,Sushi_Fish,Sushi_Fish,11,1,1,1,6,0,257
258,18.2,0,2.22,90.0,5.8,0,8.6,0.0,Sushi_Fish,Sushi_Fish,11,1,1,1,6,0,258
259,18.2,0,2.22,90.0,5.8,0,8.6,0.0,Sushi_Fish,Sushi_Fish,11,1,1,1,6,0,259
260,18.2,0,2.22,90.0,5.8,0,8.6,0.0,Sushi_Fish,Sushi_Fish,11,1,1,1,6,0,260
261,18.2,0,2.22,90.0,5.8,0,8.6,0.0,Sushi_Fish,Sushi_Fish,11,1,1,1,6,0,261
262,18.2,0,2.22,90.0,5.8,0,8.6,0.0,Sushi_Fish,Sushi_Fish,11,1,1,1,6,0,262
263,18.2,0,2.22,90.0,5.8,0,8.6,0.0,Sushi_Fish,Sushi_Fish,11,1,1,1,6,0,263
264,18.2,0,2.22,90.0,5.8,0,8.6,0.0,Sushi_Fish,Sushi_Fish,11,1,1,1,6,0,264
265,18.2,0,2.22,90.0,5.8,0,8.6,0.0,Sushi_Fish,Sushi_Fish,11,1,1,1,6,0,265
266,18.2,0,2.22,90.0,5.8,0,8.6,0.0,Sushi_Fish,Sushi_Fish,11,1,1,1,6,0,266
267,18.2,0,2.22,90.0,5.8,0,8.6,0.0,Sushi_Fish,Sushi_Fish,11,1,1,1,6,0,267
268,18.2,0,2.22,90.0,5.8,0,8.6,0.0,Sushi_Fish,Sushi_Fish,11,1,1,1,6,0,268
269,18.2,0,2.22,90.0,5.8,0,8.6,0.0,Sushi_Fish,Sushi_Fish,11,1,1,1,6,0,269
270,18.2,0,2.22,90.0,5.8,0,8.6,0.0,Sushi_Fish,Sushi_Fish,11,1,1,1,6,0,270
271,18.2,0,2.22,90.0,5.8,0,8.6,0.0,Sushi_Fish,Sushi_Fish,11,1,1,1,6,0,271
272,18.2,0,2.22,90.0,5.8,0,8.6,0.0,Sushi_Fish,Sushi_Fish,11,1,1,1,6,0,272
273,18.2,0,2.22,90.0,5.8,0,8.6,0.0,Sushi_Fish,Sushi_Fish,11,1,1,1,6,0,273
274,18.2,0,2.22,90.0,5.8,0,8.6,0.0,Sushi_Fish,Sushi_Fish,11,1,1,1,6,0,274
275,18.2,0,2.22,90.0,5.8,0,8.6,0.0,Sushi_Fish,Sushi_Fish,11,1,1,1,6,0,275
276,18.2,0,2.22,90.0,5.8,0,8.6,0.0,Sushi_Fish,Sushi_Fish,11,1,1,1,6,0,276
277,18.2,0,2.22,90.0,5.8,0,8.6,0.0,Sushi_Fish,Sushi_Fish,11,1,1,1,6,0,277
278,18.2,0,2.22,90.0,5.8,0,8.6,0.0,Sushi_Fish,Sushi_Fish,11,1,1,1,6,0,278
279,18.2,0,2.22,90.0,5.8,0,8.6,0.0,Sushi_Fish,Sushi_Fish,11,1,1,1,6,0,279
280,18.2,0,2.22,90.0,5.8,0,8.6,0.0,Sushi_Fish,Sushi_Fish,11,1,1,1,6,0,280
281,18.2,0,2.22,90.0,5.8,0,8.6,0.0,Sushi_Fish,Sushi_Fish,11,1,1,1,6,0,281
282,18.2,0,2.22,90.0,5.8,0,8.6,0.0,Sushi_Fish,Sushi_Fish,11,1,1,1,6,0,282
283,18.2,0,2.22,90.0,5.8,0,8.6,0.0,Sushi_Fish,Sushi_Fish,11,1,1,1,6,0,283
284,18.2,0,2.22,90.0,5.8,0,8.6,0.0,Sushi_Fish,Sushi_Fish,11,1,1,1,6,0,284
285,18.2,0,2.22,90.0,5.8,0,8.6,0.0,Sushi_Fish,Sushi_Fish,11,1,1,1,6,0,285
286,18.2,0,2.22,90.0,5.8,0,8.6,0.0,Sushi_Fish,Sushi_Fish,11,1,1,1,6,0,286
287,18.2,0,2.22,90.0,5.8,0,8.6,0.0,Sushi_Fish,Sushi_Fish,11,1,1,1,6,0,287
288,18.2,0,2.22,90.0,5.8,0,8.6,0.0,Sushi_Fish,Sushi_Fish,11,1,1,1,6,0,288
289,18.2,0,2.22,90.0,5.8,0,8.6,0.0,Sushi_Fish,Sushi_Fish,11,1,1,1,6,0,289
290,18.2,0,2.22,90.0,5.8,0,8.6,0.0,Sushi_Fish,Sushi_Fish,11,1,1,1,6,0,290
291,18.2,0,2.22,90.0,5.8,0,8.6,0.0,Sushi_Fish,Sushi_Fish,11,1,1,1,6,0,291
292,18.2,0,2.22,90.0,5.8,0,8.6,0.0,Sushi_Fish,Sushi_Fish,11,1,1,1,6,0,292
293,18.2,0,2.22,90.0,5.8,0,8.6,0.0,Sushi_Fish,Sushi_Fish,11,1,1,1,6,0,293
294,18.2,0,2.22,128.2,5.8,0,8.6,0.0,Sushi_Fish,Sushi_Fish,11,1,1,1,6,0,294
295,17.84,0,2.22,185.49,5.8,0,8.6,0.0,Sushi_Fish,Sushi_Fish,11,1,2,1,6,0,295
296,17.48,0,2.22,261.89,5.8,0,8.6,0.0,Sushi_Fish,Sushi_Fish,11,1,3,1,6,0,296
297,17.0,0,2.22,270.0,5.8,0,8.6,0.0,Sushi_Fish,Sushi_Fish,10,1,3,1,6,0,297
298,16.64,0,2.22,270.0,5.8,0,8.6,0.0,Sushi_Fish,Sushi_Fish,10,1,3,1,6,0,298
299,16.28,0,2.22,270.0,5.8,0,8.6,0.0,Sushi_Fish,Sushi_Fish,10,1,3,1,6,0,299
300,15.8,0,2.22,270.0,5.8,0,8.6,0.0,Sushi_Fish,Sushi_Fish,9,1,3,1,6,0,300
301,15.44,0,2.22,270.0,5.8,0,8.6,0.0,Sushi_Fish,Sushi_Fish,9,1,3,1,6,0,301
302,15.08,0,2.22,270.0,5.8,0,8.6,0.0,Sushi_Fish,Sushi_Fish,9,1,3,1,6,0,302
303,14.6,0,2.22,270.0,5.8,0,8.6,0.0,Sushi_Fish,Sushi_Fish,8,1,3,1,6,0,303
304,14.24,0,2.22,270.0,5.8,0,8.6,0.0,Sushi_Fish,Sushi_Fish,8,1,3,1,6,0,304
305,14.0,0,2.22,270.0,5.8,0,8.6,0.0,Sushi_Fish,Sushi_Fish,8,1,3,1,6,0,305
306,13.52,0,2.22,270.0,5.8,0,8.6,0.0,Sushi_Fish,Sushi_Fish,7,1,3,1,6,0,306
307,13.16,0,2.22,270.0,5.8,0,8.6,0.0,Sushi_Fish,Sushi_Fish,7,1,3,1,6,0,307
308,12.8,0,2.22,270.0,5.8,0,8.6,0.0,Sushi_Fish,Sushi_Fish,7,1,3,1,6,0,308
309,12.32,0,2.22,270.0,5.8,0,8.6,0.0,Sushi_Fish,Sushi_Fish,6,1,3,1,6,0,309
310,11.96,0,2.22,270.0,5.8,0,8.6,0.0,Sushi_Fish,Sushi_Fish,6,1,3,1,6,0,310
311,11.6,0,2.22,270.0,5.8,0,8.6,0.0,Sushi_Fish,Sushi_Fish,6,1,3,1,6,0,311
312,11.12,0,2.22,270.0,5.8,0,8.6,0.0,Sushi_Fish,Sushi_Fish,5,1,3,1,6,0,312
313,10.76,0,2.22,289.1,5.8,0,8.6,0.0,Sushi_Fish,Sushi_Fish,5,1,3,1,6,0,313
314,10.68,0,2.54,0.0,5.8,0,8.6,0.0,Sushi_Fish,Sushi_Fish,5,1,0,1,6,0,314
315,10.68,0,3.02,0.0,5.8,0,8.6,0.0,Sushi_Fish,Sushi_Fish,5,2,0,1,6,0,315
316,10.68,0,3.38,0.0,5.8,0,8.6,0.0,Sushi_Fish,Sushi_Fish,5,2,0,1,6,0,316
317,10.68,0,3.74,0.0,5.8,0,8.6,0.0,Sushi_Fish,Sushi_Fish,5,2,0,1,6,0,317
318,10.68,0,4.22,0.0,5.8,0,8.6,0.0,Sushi_Fish,Sushi_Fish,5,3,0,1,6,0,318
319,10.68,0,4.58,0.0,5.8,0,8.6,0.0,Sushi_Fish,Sushi_Fish,5,3,0,1,6,0,319
320,10.68,0,4.94,0.0,5.8,0,8.6,0.0,Sushi_Fish,Sushi_Fish,5,3,0,1,6,0,320
321,10.68,0,5.0,0.0,5.8,0,8.6,0.0,Sushi_Fish,Sushi_Fish,5,3,0,1,6,0,321
322,10.68,0,5.0,0.0,5.8,0,8.6,0.0,Sushi_Fish,Sushi_Fish,5,3,0,1,6,0,322
323,10.68,0,5.0,0.0,5.8,0,8.6,0.0,Sushi_Fish,Sushi_Fish,5,3,0,1,6,0,323
324,10.68,0,5.0,0.0,5.8,0,8.6,0.0,Sushi_Fish,Sushi_Fish,5,3,0,1,6,0,324
325,10.68,0,4.88,302.7,5.8,0,8.6,0.0,Sushi_Fish,Sushi_Fish,5,3,3,1,6,0,325
326,10.68,0,4.4,226.31,5.8,0,8.6,0.0,Sushi_Fish,Sushi_Fish,5,3,3,1,6,0,326
327,10.68,0,4.04,180.0,5.8,0,8.6,0.0,Sushi_Fish,Sushi_Fish,5,2,2,1,6,0,327
328,10.68,0,3.68,180.0,5.8,0,8.6,0.0,Sushi_Fish,Sushi_Fish,5,2,2,1,6,0,328
329,10.68,0,3.2,180.0,5.8,0,8.6,0.0,Sushi_Fish,Sushi_Fish,5,2,2,1,6,0,329
330,10.68,0,2.84,180.0,5.8,0,8.6,0.0,Sushi_Fish,Sushi_Fish,5,1,2,1,6,0,330
331,10.68,0,2.48,180.0,5.8,0,8.6,0.0,Sushi_Fish,Sushi_Fish,5,1,2,1,6,0,331
332,10.76,0,2.18,122.7,5.8,0,8.6,0.0,Sushi_Fish,Sushi_Fish,5,1,1,1,6,0,332
333,11.12,0,2.2,90.0,5.8,0,8.6,0.0,Sushi_Fish,Sushi_Fish,5,1,1,1,6,0,333
334,11.48,0,2.21,90.0,5.8,0,8.6,0.0,Sushi_Fish,Sushi_Fish,6,1,1,1,6,0,334
335,11.96,0,2.21,90.0,5.8,0,8.6,0.0,Sushi_Fish,Sushi_Fish,6,1,1,1,6,0,335
336,12.32,0,2.21,90.0,5.8,0,8.6,0.0,Sushi_Fish,Sushi_Fish,6,1,1,1,6,0,336
337,12.68,0,2.21,90.0,5.8,0,8.6,0.0,Sushi_Fish,Sushi_Fish,7,1,1,1,6,0,337
338,13.0,0,2.2,147.3,5.8,0,8.6,0.0,Sushi_Fish,Sushi_Fish,7,1,2,1,6,0,338
339,13.0,0,2.2,180.0,5.8,0,8.6,0.0,Sushi_Fish,Sushi_Fish,7,1,2,1,6,0,339
340,13.0,0,2.2,180.0,5.8,0,8.6,0.0,Sushi_Fish,Sushi_Fish,7,1,2,1,6,0,340
341,13.0,0,2.2,180.0,5.8,0,8.6,0.0,Sushi_Fish,Sushi_Fish,7,1,2,1,6,0,341
342,13.0,0,2.2,180.0,5.8,0,8.6,0.0,Sushi_Fish,Sushi_Fish,7,1,2,1,6,0,342
343,13.0,0,2.2,180.0,5.8,0,8.6,0.0,Sushi_Fish,Sushi_Fish,7,1,2,1,6,0,343
344,13.0,0,2.56,256.39,5.8,0,8.6,0.0,Sushi_Fish,Sushi_Fish,7,1,3,1,6,0,344
345,0.0,0,0.0,0.0,0.0,0,0.0,0.0,0,0,0,0,0,-3,0,0,345
346,13.0,0,3.16,0.0,5.8,0,8.6,0.0,Sushi_Fish,Sushi_Fish,7,2,0,1,6,0,346
347,13.0,0,3.64,0.0,5.8,0,8.6,0.0,Sushi_Fish,Sushi_Fish,7,2,0,1,6,0,347
348,13.0,0,4.0,0.0,5.8,0,8.6,0.0,Sushi_Fish,Sushi_Fish,7,2,0,1,6,0,348
349,13.0,0,4.36,0.0,5.8,0,8.6,0.0,Sushi_Fish,Sushi_Fish,7,3,0,1,6,0,349
350,13.0,0,4.84,0.0,5.8,0,8.6,0.0,Sushi_Fish,Sushi_Fish,7,3,0,1,6,0,350
351,13.0,0,5.02,0.0,5.8,0,8.6,0.0,Sushi_Fish,Sushi_Fish,7,3,0,1,6,0,351
352,13.0,0,5.0,45.0,5.8,0,8.6,0.0,Sushi_Fish,Sushi_Fish,7,3,1,1,6,0,352
353,13.34,0,5.0,45.0,5.8,0,8.6,0.0,Sushi_Fish,Sushi_Fish,7,3,1,1,6,0,353
354,13.6,0,5.0,45.0,5.8,0,8.6,0.0,Sushi_Fish,Sushi_Fish,7,3,1,1,6,0,354
355,13.85,0,5.0,45.0,5.8,0,8.6,0.0,Sushi_Fish,Sushi_Fish,8,3,1,1,6,0,355
356,14.22,0,5.23,45.0,5.8,0,8.6,0.0,Sushi_Fish,Sushi_Fish,8,3,1,1,6,0,356
357,14.3,0,5.55,0.0,5.8,0,8.6,0.0,Sushi_Fish,Sushi_Fish,8,4,0,1,6,0,357
358,14.3,0,5.91,0.0,5.8,0,8.6,0.0,Sushi_Fish,Sushi_Fish,8,4,0,1,6,0,358
359,14.3,0,6.39,0.0,5.8,0,8.6,0.0,Sushi_Fish,Sushi_Fish,8,4,0,1,6,0,359
360,14.3,0,6.75,0.0,5.8,0,8.6,0.0,Sushi_Fish,Sushi_Fish,8,5,0,1,6,0,360
361,14.3,0,7.11,0.0,5.8,0,8.6,0.0,Sushi_Fish,Sushi_Fish,8,5,0,1,6,0,361
362,14.3,0,7.59,0.0,5.8,0,8.6,0.0,Sushi_Fish,Sushi_Fish,8,5,0,1,6,0,362
363,14.3,0,7.95,0.0,5.8,0,8.6,0.0,Sushi_Fish,Sushi_Fish,8,6,0,1,6,0,363
364,14.3,0,8.31,0.0,5.8,0,8.6,0.0,Sushi_Fish,Sushi_Fish,8,6,0,1,6,0,364
365,14.3,0,8.61,0.0,5.8,0,8.6,0.0,Sushi_Fish,Sushi_Fish,8,6,0,1,6,0,365
366,14.3,0,8.6,0.0,5.8,0,8.6,0.0,Sushi_Fish,Sushi_Fish,8,6,0,1,6,0,366
367,14.3,0,8.6,0.0,5.8,0,8.6,0.0,Sushi_Fish,Sushi_Fish,8,6,0,1,6,0,367
368,13.94,0,8.6,283.61,5.8,0,8.6,0.0,Sushi_Fish,Sushi_Fish,8,6,3,1,6,0,368
369,13.58,0,8.59,270.0,5.8,0,8.6,0.0,Sushi_Fish,Sushi_Fish,7,6,3,1,6,0,369
370,13.1,0,8.59,270.0,5.8,0,8.6,0.0,Sushi_Fish,Sushi_Fish,7,6,3,1,6,0,370
371,12.86,0,8.59,250.9,5.8,0,8.6,0.0,Sushi_Fish,Sushi_Fish,7,6,3,1,6,0,371
372,12.57,0,8.42,186.8,5.8,0,8.6,0.0,Sushi_Fish,Sushi_Fish,6,6,2,1,6,0,372
373,12.57,0,7.94,180.0,5.8,0,8.6,0.0,Sushi_Fish,Sushi_Fish,6,6,2,1,6,0,373
374,12.57,0,7.58,180.0,5.8,0,8.6,0.0,Sushi_Fish,Sushi_Fish,6,5,2,1,6,0,374
375,12.57,0,7.22,180.0,5.8,0,8.6,0.0,Sushi_Fish,Sushi_Fish,6,5,2,1,6,0,375
376,12.57,0,7.0,180.0,5.8,0,8.6,0.0,Sushi_Fish,Sushi_Fish,6,5,2,1,6,0,376
377,12.57,0,7.0,180.0,5.8,0,8.6,0.0,Sushi_Fish,Sushi_Fish,6,5,2,1,6,0,377
378,12.4,0,7.0,244.1,5.8,0,8.6,0.0,Sushi_Fish,Sushi_Fish,6,5,3,1,6,0,378
379,11.92,0,7.0,270.0,5.8,0,8.6,0.0,Sushi_Fish,Sushi_Fish,6,5,3,1,6,0,379
380,11.56,0,7.0,289.1,5.8,0,8.6,0.0,Sushi_Fish,Sushi_Fish,6,5,3,1,6,0,380
381,11.39,0,7.29,0.0,5.8,0,8.6,0.0,Sushi_Fish,Sushi_Fish,5,5,0,1,6,0,381
382,11.39,0,7.77,0.0,5.8,0,8.6,0.0,Sushi_Fish,Sushi_Fish,5,5,0,1,6,0,382
383,11.39,0,8.13,0.0,5.8,0,8.6,0.0,Sushi_Fish,Sushi_Fish,5,6,0,1,6,0,383
384,11.39,0,8.49,0.0,5.8,0,8.6,0.0,Sushi_Fish,Sushi_Fish,5,6,0,1,6,0,384
385,11.39,0,8.6,0.0,5.8,0,8.6,0.0,Sushi_Fish,Sushi_Fish,5,6,0,1,6,0,385
386,11.37,0,8.6,0.0,5.8,0,8.6,0.0,Sushi_Fish,Sushi_Fish,5,6,0,1,6,0,386
387,0.0,0,0.0,0.0,0.0,0,0.0,0.0,0,0,0,0,0,-3,0,0,387
388,0.0,0,0.0,0.0,0.0,0,0.0,0.0,0,0,0,0,0,-3,0,0,388
389,0.0,0,0.0,0.0,0.0,0,0.0,0.0,0,0,0,0,0,-3,0,0,389
390,10.76,0,8.6,0.0,5.8,0,8.6,0.0,Sushi_Fish,Sushi_Fish,5,6,0,1,6,0,390
391,10.76,0,8.6,0.0,5.8,0,8.6,0.0,Sushi_Fish,Sushi_Fish,5,6,0,1,6,0,391
392,10.76,0,8.6,0.0,5.8,0,8.6,0.0,Sushi_Fish,Sushi_Fish,5,6,0,1,6,0,392
393,10.76,0,8.6,0.0,5.8,0,8.6,0.0,Sushi_Fish,Sushi_Fish,5,6,0,1,6,0,393
394,10.76,0,8.6,0.0,5.8,0,8.6,0.0,Sushi_Fish,Sushi_Fish,5,6,0,1,6,0,394
395,10.76,0,8.6,0.0,5.8,0,8.6,0.0,Sushi_Fish,Sushi_Fish,5,6,0,1,6,0,395
396,10.76,0,8.6,0.0,5.8,0,8.6,0.0,Sushi_Fish,Sushi_Fish,5,6,0,1,6,0,396
397,10.76,0,8.6,0.0,5.8,0,8.6,0.0,Sushi_Fish,Sushi_Fish,5,6,0,1,6,0,397
398,10.76,0,8.6,0.0,5.8,0,8.6,0.0,Sushi_Fish,Sushi_Fish,5,6,0,1,6,0,398
399,10.76,0,8.6,0.0,5.8,0,8.6,0.0,Sushi_Fish,Sushi_Fish,5,6,0,1,6,0,399
400,10.76,0,8.6,0.0,5.8,0,8.6,0.0,Sushi_Fish,Sushi_Fish,5,6,0,1,6,0,400
401,10.76,0,8.6,0.0,5.8,0,8.6,0.0,Sushi_Fish,Sushi_Fish,5,6,0,1,6,0,401
402,10.76,0,8.6,0.0,5.8,0,8.6,0.0,Sushi_Fish,Sushi_Fish,5,6,0,1,6,0,402
403,10.76,0,8.6,0.0,5.8,0,8.6,0.0,Sushi_Fish,Sushi_Fish,5,6,0,1,6,0,403
404,10.76,0,8.6,0.0,5.8,0,8.6,0.0,Sushi_Fish,Sushi_Fish,5,6,0,1,6,0,404
405,10.76,0,8.6,0.0,5.8,0,8.6,0.0,Sushi_Fish,Sushi_Fish,5,6,0,1,6,0,405
406,10.76,0,8.6,0.0,5.8,0,8.6,0.0,Sushi_Fish,Sushi_Fish,5,6,0,1,6,0,406
407,10.76,0,8.6,0.0,5.8,0,8.6,0.0,Sushi_Fish,Sushi_Fish,5,6,0,1,6,0,407
408,10.76,0,8.6,0.0,5.8,0,8.6,0.0,Sushi_Fish,Sushi_Fish,5,6,0,1,6,0,408
409,10.76,0,8.6,0.0,5.8,0,8.6,0.0,Sushi_Fish,Sushi_Fish,5,6,0,1,6,0,409
410,10.76,0,8.6,0.0,5.8,0,8.6,0.0,Sushi_Fish,Sushi_Fish,5,6,0,1,6,0,410
411,10.76,0,8.6,0.0,5.8,0,8.6,0.0,Sushi_Fish,Sushi_Fish,5,6,0,1,6,0,411
412,10.76,0,8.6,0.0,5.8,0,8.6,0.0,Sushi_Fish,Sushi_Fish,5,6,0,1,6,0,412
413,10.76,0,8.6,0.0,5.8,0,8.6,0.0,Sushi_Fish,Sushi_Fish,5,6,0,1,6,0,413
414,10.76,0,8.6,0.0,5.8,0,8.6,0.0,Sushi_Fish,Sushi_Fish,5,6,0,1,6,0,414
415,10.76,0,8.6,0.0,5.8,0,8.6,0.0,Sushi_Fish,Sushi_Fish,5,6,0,1,6,0,415
416,10.76,0,8.6,0.0,5.8,0,8.6,0.0,Sushi_Fish,Sushi_Fish,5,6,0,1,6,0,416
417,10.76,0,8.6,0.0,5.8,0,8.6,0.0,Sushi_Fish,Sushi_Fish,5,6,0,1,6,0,417
418,10.76,0,8.6,0.0,5.8,0,8.6,0.0,Sushi_Fish,Sushi_Fish,5,6,0,1,6,0,418
419,10.76,0,8.6,0.0,5.8,0,8.6,0.0,Sushi_Fish,Sushi_Fish,5,6,0,1,6,0,419
420,10.76,0,8.6,0.0,5.8,0,8.6,0.0,Sushi_Fish,Sushi_Fish,5,6,0,1,6,0,420
421,10.76,0,8.6,0.0,5.8,0,8.6,0.0,Sushi_Fish,Sushi_Fish,5,6,0,1,6,0,421
422,10.76,0,8.6,0.0,5.8,0,8.6,0.0,Sushi_Fish,Sushi_Fish,5,6,0,1,6,0,422
423,10.76,0,8.6,0.0,5.8,0,8.6,0.0,Sushi_Fish,Sushi_Fish,5,6,0,1,6,0,423
424,10.76,0,8.6,0.0,5.8,0,8.6,0.0,Sushi_Fish,Sushi_Fish,5,6,0,1,6,0,424
425,10.76,0,8.6,0.0,5.8,0,8.6,0.0,Sushi_Fish,Sushi_Fish,5,6,0,1,6,0,425
426,10.76,0,8.6,0.0,5.8,0,8.6,0.0,Sushi_Fish,Sushi_Fish,5,6,0,1,6,0,426
427,10.76,0,8.6,0.0,5.8,0,8.6,0.0,Sushi_Fish,Sushi_Fish,5,6,0,1,6,0,427
428,10.76,0,8.6,0.0,5.8,0,8.6,0.0,Sushi_Fish,Sushi_Fish,5,6,0,1,6,0,428
429,10.76,0,8.6,0.0,5.8,0,8.6,0.0,Sushi_Fish,Sushi_Fish,5,6,0,1,6,0,429
430,10.76,0,8.6,0.0,5.8,0,8.6,0.0,Sushi_Fish,Sushi_Fish,5,6,0,1,6,0,430
431,10.76,0,8.6,0.0,5.8,0,8.6,0.0,Sushi_Fish,Sushi_Fish,5,6,0,1,6,0,431
432,10.76,0,8.6,0.0,5.8,0,8.6,0.0,Sushi_Fish,Sushi_Fish,5,6,0,1,6,0,432
433,10.76,0,8.6,0.0,5.8,0,8.6,0.0,Sushi_Fish,Sushi_Fish,5,6,0,1,6,0,433
434,10.76,0,8.6,0.0,5.8,0,8.6,0.0,Sushi_Fish,Sushi_Fish,5,6,0,1,6,0,434
435,10.76,0,8.6,0.0,5.8,0,8.6,0.0,Sushi_Fish,Sushi_Fish,5,6,0,1,6,0,435
436,10.76,0,8.6,0.0,5.8,0,8.6,0.0,Sushi_Fish,Sushi_Fish,5,6,0,1,6,0,436
437,10.76,0,8.6,0.0,5.8,0,8.6,0.0,Sushi_Fish,Sushi_Fish,5,6,0,1,6,0,437
438,10.76,0,8.6,0.0,5.8,0,8.6,0.0,Sushi_Fish,Sushi_Fish,5,6,0,1,6,0,438
439,10.76,0,8.6,0.0,5.8,0,8.6,0.0,Sushi_Fish,Sushi_Fish,5,6,0,1,6,0,439
440,10.76,0,8.6,0.0,5.8,0,8.6,0.0,Sushi_Fish,Sushi_Fish,5,6,0,1,6,0,440
441,10.76,0,8.6,0.0,5.8,0,8.6,0.0,Sushi_Fish,Sushi_Fish,5,6,0,1,6,0,441
442,10.76,0,8.6,0.0,5.8,0,8.6,0.0,Sushi_Fish,Sushi_Fish,5,6,0,1,6,0,442
443,10.76,0,8.6,0.0,5.8,0,8.6,0.0,Sushi_Fish,Sushi_Fish,5,6,0,1,6,0,443
444,10.76,0,8.6,0.0,5.8,0,8.6,0.0,Sushi_Fish,Sushi_Fish,5,6,0,1,6,0,444
445,10.76,0,8.6,0.0,5.8,0,8.6,0.0,Sushi_Fish,Sushi_Fish,5,6,0,1,6,0,445
446,10.76,0,8.6,0.0,5.8,0,8.6,0.0,Sushi_Fish,Sushi_Fish,5,6,0,1,6,0,446
447,10.76,0,8.6,0.0,5.8,0,8.6,0.0,Sushi_Fish,Sushi_Fish,5,6,0,1,6,0,447
448,10.76,0,8.6,0.0,5.8,0,8.6,0.0,Sushi_Fish,Sushi_Fish,5,6,0,1,6,0,448
449,10.76,0,8.6,0.0,5.8,0,8.6,0.0,Sushi_Fish,Sushi_Fish,5,6,0,1,6,0,449
450,10.76,0,8.6,0.0,5.8,0,8.6,0.0,Sushi_Fish,Sushi_Fish,5,6,0,1,6,0,450
451,10.76,0,8.6,0.0,5.8,0,8.6,0.0,Sushi_Fish,Sushi_Fish,5,6,0,1,6,0,451
452,10.76,0,8.6,0.0,5.8,0,8.6,0.0,Sushi_Fish,Sushi_Fish,5,6,0,1,6,0,452
453,10.76,0,8.6,0.0,5.8,0,8.6,0.0,Sushi_Fish,Sushi_Fish,5,6,0,1,6,0,453
454,10.76,0,8.6,0.0,5.8,0,8.6,0.0,Sushi_Fish,Sushi_Fish,5,6,0,1,6,0,454
455,10.76,0,8.6,0.0,5.8,0,8.6,0.0,Sushi_Fish,Sushi_Fish,5,6,0,1,6,0,455
456,10.76,0,8.6,0.0,5.8,0,8.6,0.0,Sushi_Fish,Sushi_Fish,5,6,0,1,6,0,456
457,10.76,0,8.6,0.0,5.8,0,8.6,0.0,Sushi_Fish,Sushi_Fish,5,6,0,1,6,0,457
458,10.76,0,8.6,0.0,5.8,0,8.6,0.0,Sushi_Fish,Sushi_Fish,5,6,0,1,6,0,458
459,10.76,0,8.6,0.0,5.8,0,8.6,0.0,Sushi_Fish,Sushi_Fish,5,6,0,1,6,0,459
460,10.76,0,8.6,0.0,5.8,0,8.6,0.0,Sushi_Fish,Sushi_Fish,5,6,0,1,6,0,460
461,10.76,0,8.6,0.0,5.8,0,8.6,0.0,Sushi_Fish,Sushi_Fish,5,6,0,1,6,0,461
462,10.76,0,8.6,0.0,5.8,0,8.6,0.0,Sushi_Fish,Sushi_Fish,5,6,0,1,6,0,462
463,10.76,0,8.6,0.0,5.8,0,8.6,0.0,Sushi_Fish,Sushi_Fish,5,6,0,1,6,0,463
464,10.76,0,8.6,0.0,5.8,0,8.6,0.0,Sushi_Fish,Sushi_Fish,5,6,0,1,6,0,464
465,10.76,0,8.6,0.0,5.8,0,8.6,0.0,Sushi_Fish,Sushi_Fish,5,6,0,1,6,0,465
466,10.76,0,8.6,0.0,5.8,0,8.6,0.0,Sushi_Fish,Sushi_Fish,5,6,0,1,6,0,466
467,10.76,0,8.6,0.0,5.8,0,8.6,0.0,Sushi_Fish,Sushi_Fish,5,6,0,1,6,0,467
468,10.76,0,8.6,0.0,5.8,0,8.6,0.0,Sushi_Fish,Sushi_Fish,5,6,0,1,6,0,468
469,10.76,0,8.6,0.0,5.8,0,8.6,0.0,Sushi_Fish,Sushi_Fish,5,6,0,1,6,0,469
470,10.76,0,8.6,0.0,5.8,0,8.6,0.0,Sushi_Fish,Sushi_Fish,5,6,0,1,6,0,470
471,10.76,0,8.6,0.0,5.8,0,8.6,0.0,Sushi_Fish,Sushi_Fish,5,6,0,1,6,0,471
472,10.76,0,8.6,0.0,5.8,0,8.6,0.0,Sushi_Fish,Sushi_Fish,5,6,0,1,6,0,472
473,10.76,0,8.6,0.0,5.8,0,8.6,0.0,Sushi_Fish,Sushi_Fish,5,6,0,1,6,0,473
474,10.76,0,8.6,0.0,5.8,0,8.6,0.0,Sushi_Fish,Sushi_Fish,5,6,0,1,6,0,474
475,10.76,0,8.6,0.0,5.8,0,8.6,0.0,Sushi_Fish,Sushi_Fish,5,6,0,1,6,0,475
476,10.76,0,8.6,0.0,5.8,0,8.6,0.0,Sushi_Fish,Sushi_Fish,5,6,0,1,6,0,476
477,10.76,0,8.6,0.0,5.8,0,8.6,0.0,Sushi_Fish,Sushi_Fish,5,6,0,1,6,0,477
478,10.76,0,8.6,0.0,5.8,0,8.6,0.0,Sushi_Fish,Sushi_Fish,5,6,0,1,6,0,478
479,10.76,0,8.6,0.0,5.8,0,8.6,0.0,Sushi_Fish,Sushi_Fish,5,6,0,1,6,0,479
480,10.76,0,8.6,0.0,5.8,0,8.6,0.0,Sushi_Fish,Sushi_Fish,5,6,0,1,6,0,480
481,10.76,0,8.6,0.0,5.8,0,8.6,0.0,Sushi_Fish,Sushi_Fish,5,6,0,1,6,0,481
482,10.76,0,8.6,0.0,5.8,0,8.6,0.0,Sushi_Fish,Sushi_Fish,5,6,0,1,6,0,482
483,10.76,0,8.6,0.0,5.8,0,8.6,0.0,Sushi_Fish,Sushi_Fish,5,6,0,1,6,0,483
484,10.76,0,8.6,0.0,5.8,0,8.6,0.0,Sushi_Fish,Sushi_Fish,5,6,0,1,6,0,484
485,10.76,0,8.6,0.0,5.8,0,8.6,0.0,Sushi_Fish,Sushi_Fish,5,6,0,1,6,0,485
486,10.76,0,8.6,0.0,5.8,0,8.6,0.0,Sushi_Fish,Sushi_Fish,5,6,0,1,6,0,486
487,10.76,0,8.6,0.0,5.8,0,8.6,0.0,Sushi_Fish,Sushi_Fish,5,6,0,1,6,0,487
488,10.76,0,8.6,0.0,5.8,0,8.6,0.0,Sushi_Fish,Sushi_Fish,5,6,0,1,6,0,488
489,10.76,0,8.6,0.0,5.8,0,8.6,0.0,Sushi_Fish,Sushi_Fish,5,6,0,1,6,0,489
490,10.76,0,8.6,0.0,5.8,0,8.6,0.0,Sushi_Fish,Sushi_Fish,5,6,0,1,6,0,490
491,10.76,0,8.6,0.0,5.8,0,8.6,0.0,Sushi_Fish,Sushi_Fish,5,6,0,1,6,0,491
492,10.76,0,8.6,0.0,5.8,0,8.6,0.0,Sushi_Fish,Sushi_Fish,5,6,0,1,6,0,492
493,10.76,0,8.6,0.0,5.8,0,8.6,0.0,Sushi_Fish,Sushi_Fish,5,6,0,1,6,0,493
494,10.76,0,8.6,0.0,5.8,0,8.6,0.0,Sushi_Fish,Sushi_Fish,5,6,0,1,6,0,494
495,10.76,0,8.6,0.0,5.8,0,8.6,0.0,Sushi_Fish,Sushi_Fish,5,6,0,1,6,0,495
496,10.76,0,8.6,0.0,5.8,0,8.6,0.0,Sushi_Fish,Sushi_Fish,5,6,0,1,6,0,496
497,10.76,0,8.6,0.0,5.8,0,8.6,0.0,Sushi_Fish,Sushi_Fish,5,6,0,1,6,0,497
498,10.76,0,8.6,0.0,5.8,0,8.6,0.0,Sushi_Fish,Sushi_Fish,5,6,0,1,6,0,498
499,10.76,0,8.6,0.0,5.8,0,8.6,0.0,Sushi_Fish,Sushi_Fish,5,6,0,1,6,0,499
500,10.76,0,8.6,0.0,5.8,0,8.6,0.0,Sushi_Fish,Sushi_Fish,5,6,0,1,6,0,500
501,10.76,0,8.6,0.0,5.8,0,8.6,0.0,Sushi_Fish,Sushi_Fish,5,6,0,1,6,0,501
502,10.76,0,8.6,0.0,5.8,0,8.6,0.0,Sushi_Fish,Sushi_Fish,5,6,0,1,6,0,502
503,10.76,0,8.6,0.0,5.8,0,8.6,0.0,Sushi_Fish,Sushi_Fish,5,6,0,1,6,0,503
504,10.76,0,8.6,0.0,5.8,0,8.6,0.0,Sushi_Fish,Sushi_Fish,5,6,0,1,6,0,504
505,10.76,0,8.6,0.0,5.8,0,8.6,0.0,Sushi_Fish,Sushi_Fish,5,6,0,1,6,0,505
506,10.76,0,8.6,0.0,5.8,0,8.6,0.0,Sushi_Fish,Sushi_Fish,5,6,0,1,6,0,506
507,11.0,0,8.6,57.3,5.8,0,8.6,0.0,Sushi_Fish,Sushi_Fish,5,6,1,1,6,0,507
508,11.36,0,8.6,90.0,5.8,0,8.6,0.0,Sushi_Fish,Sushi_Fish,5,6,1,1,6,0,508
509,11.72,0,8.59,90.0,5.8,0,8.6,0.0,Sushi_Fish,Sushi_Fish,6,6,1,1,6,0,509
510,12.2,0,8.59,90.0,5.8,0,8.6,0.0,Sushi_Fish,Sushi_Fish,6,6,1,1,6,0,510
511,12.56,0,8.59,90.0,5.8,0,8.6,0.0,Sushi_Fish,Sushi_Fish,6,6,1,1,6,0,511
512,13.04,0,8.59,90.0,5.8,0,8.6,0.0,Sushi_Fish,Sushi_Fish,7,6,1,1,6,0,512
513,13.4,0,8.59,90.0,5.8,0,8.6,0.0,Sushi_Fish,Sushi_Fish,7,6,1,1,6,0,513
514,13.76,0,8.59,90.0,5.8,0,8.6,0.0,Sushi_Fish,Sushi_Fish,7,6,1,1,6,0,514
515,14.13,0,8.6,45.0,5.8,0,8.6,0.0,Sushi_Fish,Sushi_Fish,8,6,1,1,6,0,515
516,14.38,0,8.6,45.0,5.8,0,8.6,0.0,Sushi_Fish,Sushi_Fish,8,6,1,1,6,0,516
517,14.47,0,8.6,0.0,5.8,0,8.6,0.0,Sushi_Fish,Sushi_Fish,8,6,0,1,6,0,517
518,14.47,0,8.6,0.0,5.8,0,8.6,0.0,Sushi_Fish,Sushi_Fish,8,6,0,1,6,0,518
519,14.47,0,8.6,0.0,5.8,0,8.6,0.0,Sushi_Fish,Sushi_Fish,8,6,0,1,6,0,519
520,14.47,0,8.6,0.0,5.8,0,8.6,0.0,Sushi_Fish,Sushi_Fish,8,6,0,1,6,0,520
521,14.47,0,8.6,0.0,5.8,0,8.6,0.0,Sushi_Fish,Sushi_Fish,8,6,0,1,6,0,521
522,14.47,0,8.6,0.0,5.8,0,8.6,0.0,Sushi_Fish,Sushi_Fish,8,6,0,1,6,0,522
523,14.47,0,8.48,283.61,5.8,0,8.6,0.0,Sushi_Fish,Sushi_Fish,8,6,3,1,6,0,523
524,14.47,0,8.0,207.21,5.8,0,8.6,0.0,Sushi_Fish,Sushi_Fish,8,6,2,1,6,0,524
525,14.47,0,7.64,180.0,5.8,0,8.6,0.0,Sushi_Fish,Sushi_Fish,8,5,2,1,6,0,525
526,14.47,0,7.28,180.0,5.8,0,8.6,0.0,Sushi_Fish,Sushi_Fish,8,5,2,1,6,0,526
527,14.47,0,6.8,180.0,5.8,0,8.6,0.0,Sushi_Fish,Sushi_Fish,8,5,2,1,6,0,527
528,14.47,0,6.44,180.0,5.8,0,8.6,0.0,Sushi_Fish,Sushi_Fish,8,4,2,1,6,0,528
529,14.47,0,6.08,180.0,5.8,0,8.6,0.0,Sushi_Fish,Sushi_Fish,8,4,2,1,6,0,529
530,14.47,0,5.6,180.0,5.8,0,8.6,0.0,Sushi_Fish,Sushi_Fish,8,4,2,1,6,0,530
531,14.47,0,5.24,180.0,5.8,0,8.6,0.0,Sushi_Fish,Sushi_Fish,8,3,2,1,6,0,531
532,14.47,0,4.88,225.0,5.8,0,8.6,0.0,Sushi_Fish,Sushi_Fish,8,3,3,1,6,0,532
533,14.13,0,4.54,225.0,5.8,0,8.6,0.0,Sushi_Fish,Sushi_Fish,8,3,3,1,6,0,533
534,13.88,0,4.29,225.0,5.8,0,8.6,0.0,Sushi_Fish,Sushi_Fish,8,3,3,1,6,0,534
535,13.62,0,4.03,205.9,5.8,0,8.6,0.0,Sushi_Fish,Sushi_Fish,7,2,2,1,6,0,535
536,13.54,0,3.59,180.0,5.8,0,8.6,0.0,Sushi_Fish,Sushi_Fish,7,2,2,1,6,0,536
537,13.54,0,3.23,180.0,5.8,0,8.6,0.0,Sushi_Fish,Sushi_Fish,7,2,2,1,6,0,537
538,13.54,0,2.87,180.0,5.8,0,8.6,0.0,Sushi_Fish,Sushi_Fish,7,1,2,1,6,0,538
539,13.54,0,2.39,180.0,5.8,0,8.6,0.0,Sushi_Fish,Sushi_Fish,7,1,2,1,6,0,539
540,13.54,0,2.19,180.0,5.8,0,8.6,0.0,Sushi_Fish,Sushi_Fish,7,1,2,1,6,0,540
541,13.54,0,2.2,180.0,5.8,0,8.6,0.0,Sushi_Fish,Sushi_Fish,7,1,2,1,6,0,541
542,13.54,0,2.2,180.0,5.8,0,8.6,0.0,Sushi_Fish,Sushi_Fish,7,1,2,1,6,0,542
543,13.54,0,2.2,180.0,5.8,0,8.6,0.0,Sushi_Fish,Sushi_Fish,7,1,2,1,6,0,543
544,13.54,0,2.2,180.0,5.8,0,8.6,0.0,Sushi_Fish,Sushi_Fish,7,1,2,1,6,0,544
545,13.54,0,2.56,256.39,5.8,0,8.6,0.0,Sushi_Fish,Sushi_Fish,7,1,3,1,6,0,545
546,0.0,0,0.0,0.0,0.0,0,0.0,0.0,0,0,0,0,0,-3,0,0,546
547,13.54,0,3.28,0.0,5.8,0,8.6,0.0,Sushi_Fish,Sushi_Fish,7,2,0,1,6,0,547
548,13.71,0,3.69,45.0,5.8,0,8.6,0.0,Sushi_Fish,Sushi_Fish,7,2,1,1,6,0,548
549,13.88,0,3.86,45.0,5.8,0,8.6,0.0,Sushi_Fish,Sushi_Fish,8,2,1,1,6,0,549
550,14.22,0,4.2,45.0,5.8,0,8.6,0.0,Sushi_Fish,Sushi_Fish,8,3,1,1,6,0,550
551,14.47,0,4.45,45.0,5.8,0,8.6,0.0,Sushi_Fish,Sushi_Fish,8,3,1,1,6,0,551
552,14.72,0,4.71,45.0,5.8,0,8.6,0.0,Sushi_Fish,Sushi_Fish,8,3,1,1,6,0,552
553,15.06,0,5.05,45.0,5.8,0,8.6,0.0,Sushi_Fish,Sushi_Fish,9,3,1,1,6,0,553
554,15.32,0,5.3,45.0,5.8,0,8.6,0.0,Sushi_Fish,Sushi_Fish,9,3,1,1,6,0,554
555,15.49,0,5.59,0.0,5.8,0,8.6,0.0,Sushi_Fish,Sushi_Fish,9,4,0,1,6,0,555
556,15.49,0,6.07,0.0,5.8,0,8.6,0.0,Sushi_Fish,Sushi_Fish,9,4,0,1,6,0,556
557,15.49,0,6.43,0.0,5.8,0,8.6,0.0,Sushi_Fish,Sushi_Fish,9,4,0,1,6,0,557
558,15.49,0,6.79,0.0,5.8,0,8.6,0.0,Sushi_Fish,Sushi_Fish,9,5,0,1,6,0,558
559,15.49,0,7.27,0.0,5.8,0,8.6,0.0,Sushi_Fish,Sushi_Fish,9,5,0,1,6,0,559
560,15.49,0,7.63,0.0,5.8,0,8.6,0.0,Sushi_Fish,Sushi_Fish,9,5,0,1,6,0,560
561,15.49,0,7.99,0.0,5.8,0,8.6,0.0,Sushi_Fish,Sushi_Fish,9,6,0,1,6,0,561
562,15.49,0,8.47,0.0,5.8,0,8.6,0.0,Sushi_Fish,Sushi_Fish,9,6,0,1,6,0,562
563,15.49,0,8.6,0.0,5.8,0,8.6,0.0,Sushi_Fish,Sushi_Fish,9,6,0,1,6,0,563
564,15.49,0,8.6,0.0,5.8,0,8.6,0.0,Sushi_Fish,Sushi_Fish,9,6,0,1,6,0,564
565,15.49,0,8.6,0.0,5.8,0,8.6,0.0,Sushi_Fish,Sushi_Fish,9,6,0,1,6,0,565
566,15.49,0,8.6,0.0,5.8,0,8.6,0.0,Sushi_Fish,Sushi_Fish,9,6,0,1,6,0,566
567,15.49,0,8.6,0.0,5.8,0,8.6,0.0,Sushi_Fish,Sushi_Fish,9,6,0,1,6,0,567
568,0.0,0,0.0,0.0,0.0,0,0.0,0.0,0,0,0,0,0,-3,0,0,568
569,15.01,0,8.58,270.0,5.8,0,8.6,0.0,Sushi_Fish,Sushi_Fish,9,6,3,1,6,0,569
570,14.65,0,8.58,270.0,5.8,0,8.6,0.0,Sushi_Fish,Sushi_Fish,8,6,3,1,6,0,570
571,0.0,0,0.0,0.0,0.0,0,0.0,0.0,0,0,0,0,0,-3,0,0,571
572,14.65,0,8.6,0.0,5.8,0,8.6,0.0,Sushi_Fish,Sushi_Fish,8,6,0,1,6,0,572
573,14.65,0,8.6,0.0,5.8,0,8.6,0.0,Sushi_Fish,Sushi_Fish,8,6,0,1,6,0,573
574,14.65,0,8.6,0.0,5.8,0,8.6,0.0,Sushi_Fish,Sushi_Fish,8,6,0,1,6,0,574
575,14.65,0,8.6,0.0,5.8,0,8.6,0.0,Sushi_Fish,Sushi_Fish,8,6,0,1,6,0,575
576,0.0,0,0.0,0.0,0.0,0,0.0,0.0,0,0,0,0,0,-3,0,0,576
577,14.17,0,8.6,270.0,5.8,0,8.6,0.0,Sushi_Fish,Sushi_Fish,8,6,3,1,6,0,577
578,13.81,0,8.6,270.0,5.8,0,8.6,0.0,Sushi_Fish,Sushi_Fish,8,6,3,1,6,0,578
579,13.45,0,8.6,289.1,5.8,0,8.6,0.0,Sushi_Fish,Sushi_Fish,7,6,3,1,6,0,579
580,0.0,0,0.0,0.0,0.0,0,0.0,0.0,0,0,0,0,0,-3,0,0,580
581,13.08,0,8.6,0.0,5.8,0,8.6,0.0,Sushi_Fish,Sushi_Fish,7,6,0,1,6,0,581
582,13.08,0,8.6,0.0,5.8,0,8.6,0.0,Sushi_Fish,Sushi_Fish,7,6,0,1,6,0,582
583,13.08,0,8.6,0.0,5.8,0,8.6,0.0,Sushi_Fish,Sushi_Fish,7,6,0,1,6,0,583
584,0.0,0,0.0,0.0,0.0,0,0.0,0.0,0,0,0,0,0,-3,0,0,584
585,13.08,0,8.24,264.51,5.8,0,8.6,0.0,Sushi_Fish,Sushi_Fish,7,6,3,1,6,0,585
586,13.08,0,7.76,188.11,5.8,0,8.6,0.0,Sushi_Fish,Sushi_Fish,7,5,2,1,6,0,586
587,13.08,0,7.4,180.0,5.8,0,8.6,0.0,Sushi_Fish,Sushi_Fish,7,5,2,1,6,0,587
588,13.08,0,7.04,180.0,5.8,0,8.6,0.0,Sushi_Fish,Sushi_Fish,7,5,2,1,6,0,588
589,13.08,0,7.0,180.0,5.8,0,8.6,0.0,Sushi_Fish,Sushi_Fish,7,5,2,1,6,0,589
590,13.08,0,7.0,180.0,5.8,0,8.6,0.0,Sushi_Fish,Sushi_Fish,7,5,2,1,6,0,590
591,13.08,0,7.12,237.3,5.8,0,8.6,0.0,Sushi_Fish,Sushi_Fish,7,5,3,1,6,0,591
592,13.08,0,7.6,313.69,5.8,0,8.6,0.0,Sushi_Fish,Sushi_Fish,7,5,3,1,6,0,592
593,13.08,0,7.96,0.0,5.8,0,8.6,0.0,Sushi_Fish,Sushi_Fish,7,6,0,1,6,0,593
594,13.08,0,8.32,0.0,5.8,0,8.6,0.0,Sushi_Fish,Sushi_Fish,7,6,0,1,6,0,594
595,13.08,0,8.62,0.0,5.8,0,8.6,0.0,Sushi_Fish,Sushi_Fish,7,6,0,1,6,0,595
596,13.08,0,8.6,0.0,5.8,0,8.6,0.0,Sushi_Fish,Sushi_Fish,7,6,0,1,6,0,596
597,13.08,0,8.6,0.0,5.8,0,8.6,0.0,Sushi_Fish,Sushi_Fish,7,6,0,1,6,0,597
598,12.96,0,8.6,302.7,5.8,0,8.6,0.0,Sushi_Fish,Sushi_Fish,7,6,3,1,6,0,598
599,12.61,0,8.58,270.0,5.8,0,8.6,0.0,Sushi_Fish,Sushi_Fish,7,6,3,1,6,0,599
600,12.13,0,8.58,270.0,5.8,0,8.6,0.0,Sushi_Fish,Sushi_Fish,6,6,3,1,6,0,600
601,11.77,0,8.58,270.0,5.8,0,8.6,0.0,Sushi_Fish,Sushi_Fish,6,6,3,1,6,0,601
602,11.41,0,8.58,270.0,5.8,0,8.6,0.0,Sushi_Fish,Sushi_Fish,6,6,3,1,6,0,602
603,10.93,0,8.58,270.0,5.8,0,8.6,0.0,Sushi_Fish,Sushi_Fish,5,6,3,1,6,0,603
604,10.6,0,8.5,212.7,5.8,0,8.6,0.0,Sushi_Fish,Sushi_Fish,5,6,2,1,6,0,604
605,10.52,0,8.05,180.0,5.8,0,8.6,0.0,Sushi_Fish,Sushi_Fish,5,6,2,1,6,0,605
606,10.52,0,7.69,180.0,5.8,0,8.6,0.0,Sushi_Fish,Sushi_Fish,5,5,2,1,6,0,606
607,10.52,0,7.33,180.0,5.8,0,8.6,0.0,Sushi_Fish,Sushi_Fish,5,5,2,1,6,0,607
608,10.52,0,6.99,180.0,5.8,0,8.6,0.0,Sushi_Fish,Sushi_Fish,5,5,2,1,6,0,608
609,10.52,0,7.0,180.0,5.8,0,8.6,0.0,Sushi_Fish,Sushi_Fish,5,5,2,1,6,0,609
610,10.52,0,7.0,180.0,5.8,0,8.6,0.0,Sushi_Fish,Sushi_Fish,5,5,2,1,6,0,610
611,10.35,0,7.0,225.0,5.8,0,8.6,0.0,Sushi_Fish,Sushi_Fish,5,5,3,1,6,0,611
612,10.02,0,7.0,270.0,5.8,0,8.6,0.0,Sushi_Fish,Sushi_Fish,4,5,3,1,6,0,612
613,9.66,0,7.0,270.0,5.8,0,8.6,0.0,Sushi_Fish,Sushi_Fish,4,5,3,1,6,0,613
614,9.3,0,7.0,231.8,5.8,0,8.6,0.0,Sushi_Fish,Sushi_Fish,4,5,3,1,6,0,614
615,8.96,0,6.66,186.8,5.8,0,8.6,0.0,Sushi_Fish,Sushi_Fish,3,5,2,1,6,0,615
616,8.96,0,6.3,180.0,5.8,0,8.6,0.0,Sushi_Fish,Sushi_Fish,3,4,2,1,6,0,616
617,8.96,0,5.94,180.0,5.8,0,8.6,0.0,Sushi_Fish,Sushi_Fish,3,4,2,1,6,0,617
618,9.13,0,5.53,135.0,5.8,0,8.6,0.0,Sushi_Fish,Sushi_Fish,4,4,2,1,6,0,618
619,9.46,0,5.45,90.0,5.8,0,8.6,0.0,Sushi_Fish,Sushi_Fish,4,4,1,1,6,0,619
620,9.8,0,5.45,90.0,5.8,0,8.6,0.0,Sushi_Fish,Sushi_Fish,4,4,1,1,6,0,620
621,9.8,0,5.45,90.0,5.8,0,8.6,0.0,Sushi_Fish,Sushi_Fish,4,4,1,1,6,0,621
622,9.8,0,5.45,90.0,5.8,0,8.6,0.0,Sushi_Fish,Sushi_Fish,4,4,1,1,6,0,622
623,9.8,0,5.45,90.0,5.8,0,8.6,0.0,Sushi_Fish,Sushi_Fish,4,4,1,1,6,0,623
624,9.8,0,5.45,90.0,5.8,0,8.6,0.0,Sushi_Fish,Sushi_Fish,4,4,1,1,6,0,624
625,9.8,0,5.45,109.1,5.8,0,8.6,0.0,Sushi_Fish,Sushi_Fish,4,4,1,1,6,0,625
626,9.81,0,5.27,135.0,5.8,0,8.6,0.0,Sushi_Fish,Sushi_Fish,4,3,2,1,6,0,626
627,10.1,0,4.91,135.0,5.8,0,8.6,0.0,Sushi_Fish,Sushi_Fish,4,3,2,1,6,0,627
628,10.35,0,4.65,135.0,5.8,0,8.6,0.0,Sushi_Fish,Sushi_Fish,5,3,2,1,6,0,628
629,10.61,0,4.4,115.9,5.8,0,8.6,0.0,Sushi_Fish,Sushi_Fish,5,3,1,1,6,0,629
630,11.05,0,4.32,90.0,5.8,0,8.6,0.0,Sushi_Fish,Sushi_Fish,5,3,1,1,6,0,630
631,11.41,0,4.32,90.0,5.8,0,8.6,0.0,Sushi_Fish,Sushi_Fish,6,3,1,1,6,0,631
632,11.77,0,4.32,90.0,5.8,0,8.6,0.0,Sushi_Fish,Sushi_Fish,6,3,1,1,6,0,632
633,12.25,0,4.32,90.0,5.8,0,8.6,0.0,Sushi_Fish,Sushi_Fish,6,3,1,1,6,0,633
634,12.61,0,4.32,90.0,5.8,0,8.6,0.0,Sushi_Fish,Sushi_Fish,7,3,1,1,6,0,634
635,12.97,0,4.32,90.0,5.8,0,8.6,0.0,Sushi_Fish,Sushi_Fish,7,3,1,1,6,0,635
636,13.45,0,4.32,90.0,5.8,0,8.6,0.0,Sushi_Fish,Sushi_Fish,7,3,1,1,6,0,636
637,13.75,0,4.41,135.0,5.8,0,8.6,0.0,Sushi_Fish,Sushi_Fish,7,3,2,1,6,0,637
638,13.64,0,4.6,135.0,5.8,0,8.6,0.0,Sushi_Fish,Sushi_Fish,7,3,2,1,6,0,638
639,13.75,0,4.71,135.0,5.8,0,8.6,0.0,Sushi_Fish,Sushi_Fish,7,3,2,1,6,0,639
640,14.02,0,4.6,135.0,5.8,0,8.6,0.0,Sushi_Fish,Sushi_Fish,8,3,2,1,6,0,640
641,14.13,0,4.78,180.0,5.8,0,8.6,0.0,Sushi_Fish,Sushi_Fish,8,3,2,1,6,0,641
642,14.13,0,4.8,180.0,5.8,0,8.6,0.0,Sushi_Fish,Sushi_Fish,8,3,2,1,6,0,642
643,14.15,0,4.79,180.0,5.8,0,8.6,0.0,Sushi_Fish,Sushi_Fish,8,3,2,1,6,0,643
644,14.2,0,4.65,180.0,5.8,0,8.6,0.0,Sushi_Fish,Sushi_Fish,8,3,2,1,6,0,644
645,14.36,0,4.34,180.0,5.8,0,8.6,0.0,Sushi_Fish,Sushi_Fish,8,3,2,1,6,0,645
646,14.36,0,3.98,180.0,5.8,0,8.6,0.0,Sushi_Fish,Sushi_Fish,8,2,2,1,6,0,646
647,14.36,0,3.62,180.0,5.8,0,8.6,0.0,Sushi_Fish,Sushi_Fish,8,2,2,1,6,0,647
648,14.36,0,3.14,180.0,5.8,0,8.6,0.0,Sushi_Fish,Sushi_Fish,8,2,2,1,6,0,648
649,14.36,0,2.78,180.0,5.8,0,8.6,0.0,Sushi_Fish,Sushi_Fish,8,1,2,1,6,0,649
650,14.36,0,2.42,180.0,5.8,0,8.6,0.0,Sushi_Fish,Sushi_Fish,8,1,2,1,6,0,650
651,14.36,0,2.2,180.0,5.8,0,8.6,0.0,Sushi_Fish,Sushi_Fish,8,1,2,1,6,0,651
652,14.36,0,2.2,180.0,5.8,0,8.6,0.0,Sushi_Fish,Sushi_Fish,8,1,2,1,6,0,652
653,14.36,0,2.2,180.0,5.8,0,8.6,0.0,Sushi_Fish,Sushi_Fish,8,1,2,1,6,0,653
654,14.36,0,2.2,180.0,5.8,0,8.6,0.0,Sushi_Fish,Sushi_Fish,8,1,2,1,6,0,654
655,14.36,0,2.2,180.0,5.8,0,8.6,0.0,Sushi_Fish,Sushi_Fish,8,1,2,1,6,0,655
656,14.24,0,2.2,256.39,5.8,0,8.6,0.0,Sushi_Fish,Sushi_Fish,8,1,3,1,6,0,656
657,13.76,0,2.22,270.0,5.8,0,8.6,0.0,Sushi_Fish,Sushi_Fish,7,1,3,1,6,0,657
658,13.4,0,2.22,270.0,5.8,0,8.6,0.0,Sushi_Fish,Sushi_Fish,7,1,3,1,6,0,658
659,13.04,0,2.22,270.0,5.8,0,8.6,0.0,Sushi_Fish,Sushi_Fish,7,1,3,1,6,0,659
660,12.68,0,2.22,270.0,5.8,0,8.6,0.0,Sushi_Fish,Sushi_Fish,7,1,3,1,6,0,660
661,12.68,0,2.22,270.0,5.8,0,8.6,0.0,Sushi_Fish,Sushi_Fish,7,1,3,1,6,0,661
662,12.68,0,2.22,270.0,5.8,0,8.6,0.0,Sushi_Fish,Sushi_Fish,7,1,3,1,6,0,662
663,12.68,0,2.22,289.1,5.8,0,8.6,0.0,Sushi_Fish,Sushi_Fish,7,1,3,1,6,0,663
664,12.68,0,2.46,0.0,5.8,0,8.6,0.0,Sushi_Fish,Sushi_Fish,7,1,0,1,6,0,664
665,12.68,0,2.82,0.0,5.8,0,8.6,0.0,Sushi_Fish,Sushi_Fish,7,1,0,1,6,0,665
666,12.68,0,3.3,0.0,5.8,0,8.6,0.0,Sushi_Fish,Sushi_Fish,7,2,0,1,6,0,666
667,12.68,0,3.66,0.0,5.8,0,8.6,0.0,Sushi_Fish,Sushi_Fish,7,2,0,1,6,0,667
668,12.68,0,4.02,0.0,5.8,0,8.6,0.0,Sushi_Fish,Sushi_Fish,7,2,0,1,6,0,668
669,12.68,0,4.5,0.0,5.8,0,8.6,0.0,Sushi_Fish,Sushi_Fish,7,3,0,1,6,0,669
670,12.77,0,4.82,38.2,5.8,0,8.6,0.0,Sushi_Fish,Sushi_Fish,7,3,0,1,6,0,670
671,13.02,0,5.0,45.0,5.8,0,8.6,0.0,Sushi_Fish,Sushi_Fish,7,3,1,1,6,0,671
672,13.28,0,5.0,6.8,5.8,0,8.6,0.0,Sushi_Fish,Sushi_Fish,7,3,0,1,6,0,672
673,0.0,0,0.0,0.0,0.0,0,0.0,0.0,0,0,0,0,0,-3,0,0,673
674,0.0,0,0.0,0.0,0.0,0,0.0,0.0,0,0,0,0,0,-3,0,0,674
675,0.0,0,0.0,0.0,0.0,0,0.0,0.0,0,0,0,0,0,-3,0,0,675
676,0.0,0,0.0,0.0,0.0,0,0.0,0.0,0,0,0,0,0,-3,0,0,676
677,12.54,0,5.0,0.0,5.8,0,8.6,0.0,Sushi_Fish,Sushi_Fish,6,3,0,1,6,0,677
678,12.54,0,5.0,0.0,5.8,0,8.6,0.0,Sushi_Fish,Sushi_Fish,6,3,0,1,6,0,678
679,12.7,0,5.0,45.0,5.8,0,8.6,0.0,Sushi_Fish,Sushi_Fish,7,3,1,1,6,0,679
680,12.96,0,5.0,45.0,5.8,0,8.6,0.0,Sushi_Fish,Sushi_Fish,7,3,1,1,6,0,680
681,13.21,0,5.0,45.0,5.8,0,8.6,0.0,Sushi_Fish,Sushi_Fish,7,3,1,1,6,0,681
682,13.46,0,5.0,45.0,5.8,0,8.6,0.0,Sushi_Fish,Sushi_Fish,7,3,1,1,6,0,682
683,13.8,0,5.0,45.0,5.8,0,8.6,0.0,Sushi_Fish,Sushi_Fish,8,3,1,1,6,0,683
684,14.08,0,5.09,45.0,5.8,0,8.6,0.0,Sushi_Fish,Sushi_Fish,8,3,1,1,6,0,684
685,14.34,0,5.35,45.0,5.8,0,8.6,0.0,Sushi_Fish,Sushi_Fish,8,3,1,1,6,0,685
686,14.51,0,5.76,0.0,5.8,0,8.6,0.0,Sushi_Fish,Sushi_Fish,8,4,0,1,6,0,686
687,0.0,0,0.0,0.0,0.0,0,0.0,0.0,0,0,0,0,0,-3,0,0,687
688,0.0,0,0.0,0.0,0.0,0,0.0,0.0,0,0,0,0,0,-3,0,0,688
689,0.0,0,0.0,0.0,0.0,0,0.0,0.0,0,0,0,0,0,-3,0,0,689
690,0.0,0,0.0,0.0,0.0,0,0.0,0.0,0,0,0,0,0,-3,0,0,690
691,0.0,0,0.0,0.0,0.0,0,0.0,0.0,0,0,0,0,0,-3,0,0,691
692,0.0,0,0.0,0.0,0.0,0,0.0,0.0,0,0,0,0,0,-3,0,0,692
693,0.0,0,0.0,0.0,0.0,0,0.0,0.0,0,0,0,0,0,-3,0,0,693
694,0.0,0,0.0,0.0,0.0,0,0.0,0.0,0,0,0,0,0,-3,0,0,694
695,0.0,0,0.0,0.0,0.0,0,0.0,0.0,0,0,0,0,0,-3,0,0,695
696,0.0,0,0.0,0.0,0.0,0,0.0,0.0,0,0,0,0,0,-3,0,0,696
697,0.0,0,0.0,0.0,0.0,0,0.0,0.0,0,0,0,0,0,-3,0,0,697
698,0.0,0,0.0,0.0,0.0,0,0.0,0.0,0,0,0,0,0,-3,0,0,698
699,0.0,0,0.0,0.0,0.0,0,0.0,0.0,0,0,0,0,0,-3,0,0,699
700,0.0,0,0.0,0.0,0.0,0,0.0,0.0,0,0,0,0,0,-3,0,0,700
701,0.0,0,0.0,0.0,0.0,0,0.0,0.0,0,0,0,0,0,-3,0,0,701
702,10.85,0,8.6,0.0,5.8,0,8.6,0.0,Sushi_Fish,Sushi_Fish,5,6,0,1,6,0,702
703,10.85,0,8.6,0.0,5.8,0,8.6,0.0,Sushi_Fish,Sushi_Fish,5,6,0,1,6,0,703
704,10.85,0,8.6,0.0,5.8,0,8.6,0.0,Sushi_Fish,Sushi_Fish,5,6,0,1,6,0,704
705,10.85,0,8.6,0.0,5.8,0,8.6,0.0,Sushi_Fish,Sushi_Fish,5,6,0,1,6,0,705
706,10.85,0,8.6,0.0,5.8,0,8.6,0.0,Sushi_Fish,Sushi_Fish,5,6,0,1,6,0,706
707,10.85,0,8.6,0.0,5.8,0,8.6,0.0,Sushi_Fish,Sushi_Fish,5,6,0,1,6,0,707
708,10.85,0,8.6,0.0,5.8,0,8.6,0.0,Sushi_Fish,Sushi_Fish,5,6,0,1,6,0,708
709,10.85,0,8.6,0.0,5.8,0,8.6,0.0,Sushi_Fish,Sushi_Fish,5,6,0,1,6,0,709
710,10.85,0,8.6,0.0,5.8,0,8.6,0.0,Sushi_Fish,Sushi_Fish,5,6,0,1,6,0,710
711,10.85,0,8.6,0.0,5.8,0,8.6,0.0,Sushi_Fish,Sushi_Fish,5,6,0,1,6,0,711
712,10.85,0,8.6,0.0,5.8,0,8.6,0.0,Sushi_Fish,Sushi_Fish,5,6,0,1,6,0,712
713,10.85,0,8.6,0.0,5.8,0,8.6,0.0,Sushi_Fish,Sushi_Fish,5,6,0,1,6,0,713
714,10.85,0,8.6,0.0,5.8,0,8.6,0.0,Sushi_Fish,Sushi_Fish,5,6,0,1,6,0,714
715,10.85,0,8.6,0.0,5.8,0,8.6,0.0,Sushi_Fish,Sushi_Fish,5,6,0,1,6,0,715
716,10.85,0,8.6,0.0,5.8,0,8.6,0.0,Sushi_Fish,Sushi_Fish,5,6,0,1,6,0,716
717,10.85,0,8.6,0.0,5.8,0,8.6,0.0,Sushi_Fish,Sushi_Fish,5,6,0,1,6,0,717
718,10.85,0,8.6,0.0,5.8,0,8.6,0.0,Sushi_Fish,Sushi_Fish,5,6,0,1,6,0,718
719,10.85,0,8.6,0.0,5.8,0,8.6,0.0,Sushi_Fish,Sushi_Fish,5,6,0,1,6,0,719
720,10.85,0,8.6,0.0,5.8,0,8.6,0.0,Sushi_Fish,Sushi_Fish,5,6,0,1,6,0,720
721,10.85,0,8.6,0.0,5.8,0,8.6,0.0,Sushi_Fish,Sushi_Fish,5,6,0,1,6,0,721
722,10.85,0,8.6,0.0,5.8,0,8.6,0.0,Sushi_Fish,Sushi_Fish,5,6,0,1,6,0,722
723,10.85,0,8.6,0.0,5.8,0,8.6,0.0,Sushi_Fish,Sushi_Fish,5,6,0,1,6,0,723
724,10.85,0,8.6,0.0,5.8,0,8.6,0.0,Sushi_Fish,Sushi_Fish,5,6,0,1,6,0,724
725,10.85,0,8.6,0.0,5.8,0,8.6,0.0,Sushi_Fish,Sushi_Fish,5,6,0,1,6,0,725
726,10.85,0,8.6,0.0,5.8,0,8.6,0.0,Sushi_Fish,Sushi_Fish,5,6,0,1,6,0,726
727,10.85,0,8.6,0.0,5.8,0,8.6,0.0,Sushi_Fish,Sushi_Fish,5,6,0,1,6,0,727
728,10.85,0,8.6,0.0,5.8,0,8.6,0.0,Sushi_Fish,Sushi_Fish,5,6,0,1,6,0,728
729,10.85,0,8.6,0.0,5.8,0,8.6,0.0,Sushi_Fish,Sushi_Fish,5,6,0,1,6,0,729
730,10.85,0,8.6,0.0,5.8,0,8.6,0.0,Sushi_Fish,Sushi_Fish,5,6,0,1,6,0,730
731,10.85,0,8.6,0.0,5.8,0,8.6,0.0,Sushi_Fish,Sushi_Fish,5,6,0,1,6,0,731
732,10.85,0,8.6,0.0,5.8,0,8.6,0.0,Sushi_Fish,Sushi_Fish,5,6,0,1,6,0,732
733,10.85,0,8.6,0.0,5.8,0,8.6,0.0,Sushi_Fish,Sushi_Fish,5,6,0,1,6,0,733
734,10.85,0,8.6,0.0,5.8,0,8.6,0.0,Sushi_Fish,Sushi_Fish,5,6,0,1,6,0,734
735,10.85,0,8.6,0.0,5.8,0,8.6,0.0,Sushi_Fish,Sushi_Fish,5,6,0,1,6,0,735
736,10.85,0,8.6,0.0,5.8,0,8.6,0.0,Sushi_Fish,Sushi_Fish,5,6,0,1,6,0,736
737,10.85,0,8.6,0.0,5.8,0,8.6,0.0,Sushi_Fish,Sushi_Fish,5,6,0,1,6,0,737
738,10.85,0,8.6,0.0,5.8,0,8.6,0.0,Sushi_Fish,Sushi_Fish,5,6,0,1,6,0,738
739,10.85,0,8.6,0.0,5.8,0,8.6,0.0,Sushi_Fish,Sushi_Fish,5,6,0,1,6,0,739
740,10.85,0,8.6,0.0,5.8,0,8.6,0.0,Sushi_Fish,Sushi_Fish,5,6,0,1,6,0,740
741,10.85,0,8.6,0.0,5.8,0,8.6,0.0,Sushi_Fish,Sushi_Fish,5,6,0,1,6,0,741
742,10.85,0,8.6,0.0,5.8,0,8.6,0.0,Sushi_Fish,Sushi_Fish,5,6,0,1,6,0,742
743,10.85,0,8.6,0.0,5.8,0,8.6,0.0,Sushi_Fish,Sushi_Fish,5,6,0,1,6,0,743
744,10.85,0,8.6,0.0,5.8,0,8.6,0.0,Sushi_Fish,Sushi_Fish,5,6,0,1,6,0,744
745,10.85,0,8.6,0.0,5.8,0,8.6,0.0,Sushi_Fish,Sushi_Fish,5,6,0,1,6,0,745
746,10.85,0,8.6,0.0,5.8,0,8.6,0.0,Sushi_Fish,Sushi_Fish,5,6,0,1,6,0,746
747,10.85,0,8.6,0.0,5.8,0,8.6,0.0,Sushi_Fish,Sushi_Fish,5,6,0,1,6,0,747
748,10.85,0,8.6,0.0,5.8,0,8.6,0.0,Sushi_Fish,Sushi_Fish,5,6,0,1,6,0,748
749,10.85,0,8.6,0.0,5.8,0,8.6,0.0,Sushi_Fish,Sushi_Fish,5,6,0,1,6,0,749
750,10.85,0,8.6,0.0,5.8,0,8.6,0.0,Sushi_Fish,Sushi_Fish,5,6,0,1,6,0,750
751,10.85,0,8.6,0.0,5.8,0,8.6,0.0,Sushi_Fish,Sushi_Fish,5,6,0,1,6,0,751
752,10.85,0,8.6,0.0,5.8,0,8.6,0.0,Sushi_Fish,Sushi_Fish,5,6,0,1,6,0,752
753,10.85,0,8.6,0.0,5.8,0,8.6,0.0,Sushi_Fish,Sushi_Fish,5,6,0,1,6,0,753
754,10.85,0,8.6,0.0,5.8,0,8.6,0.0,Sushi_Fish,Sushi_Fish,5,6,0,1,6,0,754
755,10.85,0,8.6,0.0,5.8,0,8.6,0.0,Sushi_Fish,Sushi_Fish,5,6,0,1,6,0,755
756,10.85,0,8.6,0.0,5.8,0,8.6,0.0,Sushi_Fish,Sushi_Fish,5,6,0,1,6,0,756
757,10.85,0,8.6,0.0,5.8,0,8.6,0.0,Sushi_Fish,Sushi_Fish,5,6,0,1,6,0,757
758,10.85,0,8.6,0.0,5.8,0,8.6,0.0,Sushi_Fish,Sushi_Fish,5,6,0,1,6,0,758
759,10.85,0,8.6,0.0,5.8,0,8.6,0.0,Sushi_Fish,Sushi_Fish,5,6,0,1,6,0,759
760,10.85,0,8.6,0.0,5.8,0,8.6,0.0,Sushi_Fish,Sushi_Fish,5,6,0,1,6,0,760
761,10.85,0,8.6,0.0,5.8,0,8.6,0.0,Sushi_Fish,Sushi_Fish,5,6,0,1,6,0,761
762,10.85,0,8.6,0.0,5.8,0,8.6,0.0,Sushi_Fish,Sushi_Fish,5,6,0,1,6,0,762
763,10.85,0,8.6,0.0,5.8,0,8.6,0.0,Sushi_Fish,Sushi_Fish,5,6,0,1,6,0,763
764,10.85,0,8.6,0.0,5.8,0,8.6,0.0,Sushi_Fish,Sushi_Fish,5,6,0,1,6,0,764
765,10.85,0,8.6,0.0,5.8,0,8.6,0.0,Sushi_Fish,Sushi_Fish,5,6,0,1,6,0,765
766,10.85,0,8.6,0.0,5.8,0,8.6,0.0,Sushi_Fish,Sushi_Fish,5,6,0,1,6,0,766
767,10.85,0,8.6,0.0,5.8,0,8.6,0.0,Sushi_Fish,Sushi_Fish,5,6,0,1,6,0,767
768,10.85,0,8.6,0.0,5.8,0,8.6,0.0,Sushi_Fish,Sushi_Fish,5,6,0,1,6,0,768
769,10.85,0,8.6,0.0,5.8,0,8.6,0.0,Sushi_Fish,Sushi_Fish,5,6,0,1,6,0,769
770,10.85,0,8.6,0.0,5.8,0,8.6,0.0,Sushi_Fish,Sushi_Fish,5,6,0,1,6,0,770
771,10.85,0,8.6,0.0,5.8,0,8.6,0.0,Sushi_Fish,Sushi_Fish,5,6,0,1,6,0,771
772,10.85,0,8.6,0.0,5.8,0,8.6,0.0,Sushi_Fish,Sushi_Fish,5,6,0,1,6,0,772
773,10.85,0,8.6,0.0,5.8,0,8.6,0.0,Sushi_Fish,Sushi_Fish,5,6,0,1,6,0,773
774,10.85,0,8.6,0.0,5.8,0,8.6,0.0,Sushi_Fish,Sushi_Fish,5,6,0,1,6,0,774
775,10.85,0,8.6,0.0,5.8,0,8.6,0.0,Sushi_Fish,Sushi_Fish,5,6,0,1,6,0,775
776,10.85,0,8.6,0.0,5.8,0,8.6,0.0,Sushi_Fish,Sushi_Fish,5,6,0,1,6,0,776
777,10.85,0,8.6,0.0,5.8,0,8.6,0.0,Sushi_Fish,Sushi_Fish,5,6,0,1,6,0,777
778,10.85,0,8.6,0.0,5.8,0,8.6,0.0,Sushi_Fish,Sushi_Fish,5,6,0,1,6,0,778
779,10.85,0,8.6,0.0,5.8,0,8.6,0.0,Sushi_Fish,Sushi_Fish,5,6,0,1,6,0,779
780,10.85,0,8.6,0.0,5.8,0,8.6,0.0,Sushi_Fish,Sushi_Fish,5,6,0,1,6,0,780
781,10.85,0,8.6,0.0,5.8,0,8.6,0.0,Sushi_Fish,Sushi_Fish,5,6,0,1,6,0,781
782,10.85,0,8.6,0.0,5.8,0,8.6,0.0,Sushi_Fish,Sushi_Fish,5,6,0,1,6,0,782
783,10.85,0,8.6,0.0,5.8,0,8.6,0.0,Sushi_Fish,Sushi_Fish,5,6,0,1,6,0,783
784,10.85,0,8.6,0.0,5.8,0,8.6,0.0,Sushi_Fish,Sushi_Fish,5,6,0,1,6,0,784
785,10.85,0,8.6,0.0,5.8,0,8.6,0.0,Sushi_Fish,Sushi_Fish,5,6,0,1,6,0,785
786,10.85,0,8.6,0.0,5.8,0,8.6,0.0,Sushi_Fish,Sushi_Fish,5,6,0,1,6,0,786
787,10.85,0,8.6,0.0,5.8,0,8.6,0.0,Sushi_Fish,Sushi_Fish,5,6,0,1,6,0,787
788,10.85,0,8.6,0.0,5.8,0,8.6,0.0,Sushi_Fish,Sushi_Fish,5,6,0,1,6,0,788
789,10.85,0,8.6,0.0,5.8,0,8.6,0.0,Sushi_Fish,Sushi_Fish,5,6,0,1,6,0,789
790,10.85,0,8.6,0.0,5.8,0,8.6,0.0,Sushi_Fish,Sushi_Fish,5,6,0,1,6,0,790
791,10.85,0,8.6,0.0,5.8,0,8.6,0.0,Sushi_Fish,Sushi_Fish,5,6,0,1,6,0,791
792,10.85,0,8.6,0.0,5.8,0,8.6,0.0,Sushi_Fish,Sushi_Fish,5,6,0,1,6,0,792
793,10.85,0,8.6,0.0,5.8,0,8.6,0.0,Sushi_Fish,Sushi_Fish,5,6,0,1,6,0,793
794,10.85,0,8.6,0.0,5.8,0,8.6,0.0,Sushi_Fish,Sushi_Fish,5,6,0,1,6,0,794
795,10.85,0,8.6,0.0,5.8,0,8.6,0.0,Sushi_Fish,Sushi_Fish,5,6,0,1,6,0,795
796,10.85,0,8.6,0.0,5.8,0,8.6,0.0,Sushi_Fish,Sushi_Fish,5,6,0,1,6,0,796
797,10.85,0,8.6,0.0,5.8,0,8.6,0.0,Sushi_Fish,Sushi_Fish,5,6,0,1,6,0,797
798,10.85,0,8.6,0.0,5.8,0,8.6,0.0,Sushi_Fish,Sushi_Fish,5,6,0,1,6,0,798
799,10.85,0,8.6,0.0,5.8,0,8.6,0.0,Sushi_Fish,Sushi_Fish,5,6,0,1,6,0,799
800,10.85,0,8.6,0.0,5.8,0,8.6,0.0,Sushi_Fish,Sushi_Fish,5,6,0,1,6,0,800
801,10.85,0,8.6,0.0,5.8,0,8.6,0.0,Sushi_Fish,Sushi_Fish,5,6,0,1,6,0,801
802,10.85,0,8.6,0.0,5.8,0,8.6,0.0,Sushi_Fish,Sushi_Fish,5,6,0,1,6,0,802
803,10.85,0,8.6,0.0,5.8,0,8.6,0.0,Sushi_Fish,Sushi_Fish,5,6,0,1,6,0,803
804,10.85,0,8.6,0.0,5.8,0,8.6,0.0,Sushi_Fish,Sushi_Fish,5,6,0,1,6,0,804
805,10.85,0,8.6,0.0,5.8,0,8.6,0.0,Sushi_Fish,Sushi_Fish,5,6,0,1,6,0,805
806,10.85,0,8.6,0.0,5.8,0,8.6,0.0,Sushi_Fish,Sushi_Fish,5,6,0,1,6,0,806
807,10.85,0,8.6,0.0,5.8,0,8.6,0.0,Sushi_Fish,Sushi_Fish,5,6,0,1,6,0,807
808,10.85,0,8.6,0.0,5.8,0,8.6,0.0,Sushi_Fish,Sushi_Fish,5,6,0,1,6,0,808
809,10.85,0,8.6,0.0,5.8,0,8.6,0.0,Sushi_Fish,Sushi_Fish,5,6,0,1,6,0,809
810,10.85,0,8.6,0.0,5.8,0,8.6,0.0,Sushi_Fish,Sushi_Fish,5,6,0,1,6,0,810
811,10.85,0,8.6,0.0,5.8,0,8.6,0.0,Sushi_Fish,Sushi_Fish,5,6,0,1,6,0,811
