player0_position_x,player0_position_y,player0_position_z,player0_position_a,player1_position_x,player1_position_y,player1_position_z,player1_position_a,order0,order1
14.09,0,5.12,0.00,8.38,0,7,180.00,Sushi_Fish,Sushi_Fish
14.09,0,5.12,0.00,8.38,0,7,180.00,Sushi_Fish,Sushi_Fish
14.09,0,5.12,0.00,8.38,0,7,180.00,Sushi_Fish,Sushi_Fish
14.09,0,5.12,0.00,8.38,0,7,180.00,Sushi_Fish,Sushi_Fish
14.09,0,5.12,0.00,8.38,0,7,180.00,Sushi_Fish,Sushi_Fish
14.09,0,5.12,0.00,8.38,0,7,180.00,Sushi_Fish,Sushi_Fish
14.33,0,5.12,76.39,8.38,0,7,180.00,Sushi_Fish,Sushi_Fish
14.45,0,5.12,90.00,8.38,0,7,180.00,Sushi_Fish,Sushi_Fish
14.45,0,5.12,90.00,8.38,0,7,180.00,Sushi_Fish,Sushi_Fish
14.45,0,5.12,90.00,8.38,0,7,180.00,Sushi_Fish,Sushi_Fish
14.45,0,5.12,90.00,8.38,0,7,180.00,Sushi_Fish,Sushi_Fish
14.45,0,5.12,90.00,8.38,0,7,180.00,Sushi_Fish,Sushi_Fish
14.45,0,5.12,90.00,8.38,0,7,180.00,Sushi_Fish,Sushi_Fish
14.45,0,5.12,90.00,8.38,0,7,180.00,Sushi_Fish,Sushi_Fish
14.45,0,5.12,90.00,8.38,0,7,180.00,Sushi_Fish,Sushi_Fish
14.45,0,5.12,90.00,8.38,0,7,180.00,Sushi_Fish,Sushi_Fish
14.45,0,5.12,128.20,8.38,0,7,180.00,Sushi_Fish,Sushi_Fish
14.03,0,5.06,204.59,8.38,0,7,180.00,Sushi_Fish,Sushi_Fish
13.71,0,4.98,270.00,8.38,0,7,180.00,Sushi_Fish,Sushi_Fish
13.23,0,4.98,270.00,8.38,0,7,180.00,Sushi_Fish,Sushi_Fish
12.87,0,4.98,270.00,8.38,0,7,180.00,Sushi_Fish,Sushi_Fish
12.51,0,4.98,270.00,8.38,0,7,180.00,Sushi_Fish,Sushi_Fish
12.15,0,4.98,270.00,8.38,0,7,180.00,Sushi_Fish,Sushi_Fish
11.79,0,4.98,270.00,8.38,0,7,180.00,Sushi_Fish,Sushi_Fish
11.85,0,5,270.00,8.38,0,7,180.00,Sushi_Fish,Sushi_Fish
12.01,0,5,270.00,8.38,0,7,180.00,Sushi_Fish,Sushi_Fish
12.09,0,5,270.00,8.38,0,7,180.00,Sushi_Fish,Sushi_Fish
12.21,0,5,346.39,8.38,0,7,180.00,Sushi_Fish,Sushi_Fish
12.4,0,5,0.00,8.38,0,7,180.00,Sushi_Fish,Sushi_Fish
12.47,0,5,0.00,8.38,0,7,180.00,Sushi_Fish,Sushi_Fish
12.6,0,5,0.00,8.38,0,7,180.00,Sushi_Fish,Sushi_Fish
12.72,0,5.01,0.00,8.38,0,7,180.00,Sushi_Fish,Sushi_Fish
12.83,0,5,0.00,8.38,0,7,180.00,Sushi_Fish,Sushi_Fish
12.9,0,5,302.70,8.38,0,7,180.00,Sushi_Fish,Sushi_Fish
12.99,0,5,270.00,8.38,0,7,180.00,Sushi_Fish,Sushi_Fish
13.08,0,5,270.00,8.38,0,7,180.00,Sushi_Fish,Sushi_Fish
13.2,0,5,270.00,8.38,0,7,180.00,Sushi_Fish,Sushi_Fish
13.3,0,5,270.00,8.38,0,7,180.00,Sushi_Fish,Sushi_Fish
13.36,0,5,270.00,8.38,0,7,180.00,Sushi_Fish,Sushi_Fish
13.49,0,5,270.00,8.38,0,7,180.00,Sushi_Fish,Sushi_Fish
13.58,0,5,270.00,8.38,0,7,180.00,Sushi_Fish,Sushi_Fish
13.68,0,5,270.00,8.38,0,7,180.00,Sushi_Fish,Sushi_Fish
13.93,0,5.02,270.00,8.38,0,7,180.00,Sushi_Fish,Sushi_Fish
13.99,0,5.05,270.00,8.38,0,7,180.00,Sushi_Fish,Sushi_Fish
14.02,0,5.07,270.00,8.38,0,7,180.00,Sushi_Fish,Sushi_Fish
14.06,0,5.1,270.00,8.38,0,7,180.00,Sushi_Fish,Sushi_Fish
14.08,0,5.11,270.00,8.38,0,7,180.00,Sushi_Fish,Sushi_Fish
14.09,0,5.12,270.00,8.38,0,7,180.00,Sushi_Fish,Sushi_Fish
14.09,0,5.12,270.00,8.38,0,7,180.00,Sushi_Fish,Sushi_Fish
14.09,0,5.12,270.00,8.38,0,7,180.00,Sushi_Fish,Sushi_Fish
14.09,0,5.12,270.00,8.38,0,7,180.00,Sushi_Fish,Sushi_Fish
14.09,0,5.12,270.00,8.38,0,7,180.00,Sushi_Fish,Sushi_Fish
14.09,0,5.12,270.00,8.38,0,7,180.00,Sushi_Fish,Sushi_Fish
13.83,0,4.98,270.00,8.38,0,7,180.00,Sushi_Fish,Sushi_Fish
13.47,0,4.98,270.00,8.38,0,7,180.00,Sushi_Fish,Sushi_Fish
13.11,0,4.98,270.00,8.38,0,7,180.00,Sushi_Fish,Sushi_Fish
12.63,0,4.98,270.00,8.38,0,7,180.00,Sushi_Fish,Sushi_Fish
12.27,0,4.98,270.00,8.38,0,7,180.00,Sushi_Fish,Sushi_Fish
11.91,0,4.98,270.00,8.38,0,7,180.00,Sushi_Fish,Sushi_Fish
11.43,0,4.98,270.00,8.38,0,7,180.00,Sushi_Fish,Sushi_Fish
11.19,0,4.98,270.00,8.38,0,7,180.00,Sushi_Fish,Sushi_Fish
10.71,0,4.98,270.00,8.38,0,7,180.00,Sushi_Fish,Sushi_Fish
10.59,0,4.98,270.00,8.38,0,7,180.00,Sushi_Fish,Sushi_Fish
10.59,0,4.98,270.00,8.38,0,7,180.00,Sushi_Fish,Sushi_Fish
10.59,0,4.98,270.00,8.38,0,7,180.00,Sushi_Fish,Sushi_Fish
10.83,0,4.98,212.70,8.38,0,7,180.00,Sushi_Fish,Sushi_Fish
11.19,0,4.98,136.31,8.38,0,7,180.00,Sushi_Fish,Sushi_Fish
11.55,0,4.98,90.00,8.38,0,7,180.00,Sushi_Fish,Sushi_Fish
11.91,0,4.98,90.00,8.38,0,7,180.00,Sushi_Fish,Sushi_Fish
12.27,0,4.98,90.00,8.38,0,7,180.00,Sushi_Fish,Sushi_Fish
12.75,0,4.98,90.00,8.38,0,7,180.00,Sushi_Fish,Sushi_Fish
13.11,0,4.98,90.00,8.38,0,7,180.00,Sushi_Fish,Sushi_Fish
13.47,0,4.98,90.00,8.38,0,7,180.00,Sushi_Fish,Sushi_Fish
13.95,0,4.98,90.00,8.38,0,7,180.00,Sushi_Fish,Sushi_Fish
14.31,0,4.98,90.00,8.38,0,7,180.00,Sushi_Fish,Sushi_Fish
14.67,0,4.98,109.10,8.38,0,7,180.00,Sushi_Fish,Sushi_Fish
14.93,0,4.61,173.20,8.38,0,7,180.00,Sushi_Fish,Sushi_Fish
14.93,0,4.25,180.00,8.38,0,7,180.00,Sushi_Fish,Sushi_Fish
14.93,0,3.89,180.00,8.38,0,7,180.00,Sushi_Fish,Sushi_Fish
14.93,0,3.53,180.00,8.38,0,7,180.00,Sushi_Fish,Sushi_Fish
14.93,0,3.17,180.00,8.38,0,7,180.00,Sushi_Fish,Sushi_Fish
14.93,0,2.81,180.00,8.38,0,7,180.00,Sushi_Fish,Sushi_Fish
14.93,0,2.33,180.00,8.38,0,7,180.00,Sushi_Fish,Sushi_Fish
14.91,0,2.2,180.00,8.38,0,7,180.00,Sushi_Fish,Sushi_Fish
14.89,0,2.2,180.00,8.38,0,7,180.00,Sushi_Fish,Sushi_Fish
14.89,0,2.2,180.00,8.38,0,7,180.00,Sushi_Fish,Sushi_Fish
14.89,0,2.2,218.20,8.38,0,7,180.00,Sushi_Fish,Sushi_Fish
14.41,0,2.2,270.00,8.38,0,7,180.00,Sushi_Fish,Sushi_Fish
14.05,0,2.2,270.00,8.38,0,7,180.00,Sushi_Fish,Sushi_Fish
13.76,0,2.37,315.00,8.38,0,7,180.00,Sushi_Fish,Sushi_Fish
13.42,0,2.71,315.00,8.38,0,7,180.00,Sushi_Fish,Sushi_Fish
13.25,0,3,353.20,8.38,0,7,180.00,Sushi_Fish,Sushi_Fish
13.27,0,3.35,0.00,8.38,0,7,180.00,Sushi_Fish,Sushi_Fish
13.27,0,3.71,0.00,8.38,0,7,180.00,Sushi_Fish,Sushi_Fish
13.27,0,4.07,0.00,8.38,0,7,180.00,Sushi_Fish,Sushi_Fish
13.27,0,4.43,0.00,8.38,0,7,180.00,Sushi_Fish,Sushi_Fish
13.27,0,4.91,0.00,8.38,0,7,180.00,Sushi_Fish,Sushi_Fish
13.27,0,5,0.00,8.38,0,7,180.00,Sushi_Fish,Sushi_Fish
13.53,0,5,64.10,8.38,0,7,180.00,Sushi_Fish,Sushi_Fish
13.77,0,5,90.00,8.38,0,7,180.00,Sushi_Fish,Sushi_Fish
14.13,0,5,70.90,8.38,0,7,180.00,Sushi_Fish,Sushi_Fish
14.5,0,5.25,45.00,8.38,0,7,180.00,Sushi_Fish,Sushi_Fish
14.67,0,5.54,0.00,8.38,0,7,180.00,Sushi_Fish,Sushi_Fish
14.67,0,5.9,0.00,8.38,0,7,180.00,Sushi_Fish,Sushi_Fish
14.67,0,6.38,0.00,8.38,0,7,180.00,Sushi_Fish,Sushi_Fish
14.67,0,6.74,0.00,8.38,0,7,180.00,Sushi_Fish,Sushi_Fish
14.58,0,7.07,315.00,8.38,0,7,180.00,Sushi_Fish,Sushi_Fish
14.25,0,7.41,315.00,8.38,0,7,180.00,Sushi_Fish,Sushi_Fish
14.08,0,7.58,315.00,8.38,0,7,180.00,Sushi_Fish,Sushi_Fish
13.74,0,7.92,315.00,8.38,0,7,180.00,Sushi_Fish,Sushi_Fish
13.48,0,8.17,315.00,8.38,0,7,180.00,Sushi_Fish,Sushi_Fish
13.23,0,8.43,315.00,8.38,0,7,180.00,Sushi_Fish,Sushi_Fish
13.06,0,8.6,0.00,8.38,0,7,180.00,Sushi_Fish,Sushi_Fish
13.06,0,8.6,0.00,8.38,0,7,180.00,Sushi_Fish,Sushi_Fish
13.06,0,8.6,0.00,8.38,0,7,180.00,Sushi_Fish,Sushi_Fish
13.06,0,8.6,0.00,8.38,0,7,180.00,Sushi_Fish,Sushi_Fish
12.94,0,8.6,302.70,8.38,0,7,180.00,Sushi_Fish,Sushi_Fish
12.68,0,8.35,250.90,8.38,0,7,180.00,Sushi_Fish,Sushi_Fish
12.31,0,8.09,225.00,8.38,0,7,180.00,Sushi_Fish,Sushi_Fish
12.05,0,7.84,205.90,8.38,0,7,180.00,Sushi_Fish,Sushi_Fish
12.05,0,7.48,180.00,8.38,0,7,180.00,Sushi_Fish,Sushi_Fish
12.05,0,7,180.00,8.38,0,7,180.00,Sushi_Fish,Sushi_Fish
12.05,0,7,180.00,8.38,0,7,180.00,Sushi_Fish,Sushi_Fish
12.05,0,7,180.00,8.38,0,7,180.00,Sushi_Fish,Sushi_Fish
12.05,0,7,180.00,8.38,0,7,180.00,Sushi_Fish,Sushi_Fish
12.05,0,7,180.00,8.38,0,7,180.00,Sushi_Fish,Sushi_Fish
11.81,0,7,237.30,8.38,0,7,180.00,Sushi_Fish,Sushi_Fish
11.45,0,7,270.00,8.38,0,7,180.00,Sushi_Fish,Sushi_Fish
11.1,0,7.01,270.00,8.38,0,7,180.00,Sushi_Fish,Sushi_Fish
10.65,0,7.1,308.20,8.38,0,7,180.00,Sushi_Fish,Sushi_Fish
10.65,0,7.46,0.00,8.38,0,7,180.00,Sushi_Fish,Sushi_Fish
10.65,0,7.7,0.00,8.38,0,7,180.00,Sushi_Fish,Sushi_Fish
10.65,0,8.18,0.00,8.38,0,7,180.00,Sushi_Fish,Sushi_Fish
10.65,0,8.54,0.00,8.38,0,7,180.00,Sushi_Fish,Sushi_Fish
10.65,0,8.6,0.00,8.38,0,7,180.00,Sushi_Fish,Sushi_Fish
10.65,0,8.6,0.00,8.38,0,7,180.00,Sushi_Fish,Sushi_Fish
10.65,0,8.6,0.00,8.38,0,7,180.00,Sushi_Fish,Sushi_Fish
10.65,0,8.6,0.00,8.38,0,7,180.00,Sushi_Fish,Sushi_Fish
10.65,0,8.6,0.00,8.38,0,7,180.00,Sushi_Fish,Sushi_Fish
10.65,0,8.6,0.00,8.38,0,7,180.00,Sushi_Fish,Sushi_Fish
10.65,0,8.6,0.00,8.38,0,7,180.00,Sushi_Fish,Sushi_Fish
10.65,0,8.6,0.00,8.38,0,7,180.00,Sushi_Fish,Sushi_Fish
10.65,0,8.6,0.00,8.38,0,7,180.00,Sushi_Fish,Sushi_Fish
10.65,0,8.6,0.00,8.38,0,7,180.00,Sushi_Fish,Sushi_Fish
10.65,0,8.6,0.00,8.38,0,7,180.00,Sushi_Fish,Sushi_Fish
10.65,0,8.6,0.00,8.38,0,7,180.00,Sushi_Fish,Sushi_Fish
10.65,0,8.6,0.00,8.38,0,7,180.00,Sushi_Fish,Sushi_Fish
10.65,0,8.6,0.00,8.38,0,7,180.00,Sushi_Fish,Sushi_Fish
10.65,0,8.6,0.00,8.38,0,7,180.00,Sushi_Fish,Sushi_Fish
10.65,0,8.6,0.00,8.38,0,7,180.00,Sushi_Fish,Sushi_Fish
10.65,0,8.6,0.00,8.38,0,7,180.00,Sushi_Fish,Sushi_Fish
10.65,0,8.6,0.00,8.38,0,7,180.00,Sushi_Fish,Sushi_Fish
10.65,0,8.6,0.00,8.38,0,7,180.00,Sushi_Fish,Sushi_Fish
10.65,0,8.6,0.00,8.38,0,7,180.00,Sushi_Fish,Sushi_Fish
10.65,0,8.6,0.00,8.38,0,7,180.00,Sushi_Fish,Sushi_Fish
10.65,0,8.6,0.00,8.38,0,7,180.00,Sushi_Fish,Sushi_Fish
10.65,0,8.6,0.00,8.38,0,7,180.00,Sushi_Fish,Sushi_Fish
10.65,0,8.6,0.00,8.38,0,7,180.00,Sushi_Fish,Sushi_Fish
10.65,0,8.6,0.00,8.38,0,7,180.00,Sushi_Fish,Sushi_Fish
10.65,0,8.6,0.00,8.38,0,7,180.00,Sushi_Fish,Sushi_Fish
10.65,0,8.6,0.00,8.38,0,7,180.00,Sushi_Fish,Sushi_Fish
10.65,0,8.6,0.00,8.38,0,7,180.00,Sushi_Fish,Sushi_Fish
10.65,0,8.6,0.00,8.38,0,7,180.00,Sushi_Fish,Sushi_Fish
10.65,0,8.6,0.00,8.38,0,7,180.00,Sushi_Fish,Sushi_Fish
10.65,0,8.6,0.00,8.38,0,7,180.00,Sushi_Fish,Sushi_Fish
10.65,0,8.6,0.00,8.38,0,7,180.00,Sushi_Fish,Sushi_Fish
10.65,0,8.6,0.00,8.38,0,7,180.00,Sushi_Fish,Sushi_Fish
10.65,0,8.6,0.00,8.38,0,7,180.00,Sushi_Fish,Sushi_Fish
10.65,0,8.6,0.00,8.38,0,7,180.00,Sushi_Fish,Sushi_Fish
10.65,0,8.6,0.00,8.38,0,7,180.00,Sushi_Fish,Sushi_Fish
10.65,0,8.6,0.00,8.38,0,7,180.00,Sushi_Fish,Sushi_Fish
10.65,0,8.6,0.00,8.38,0,7,180.00,Sushi_Fish,Sushi_Fish
10.65,0,8.6,0.00,8.38,0,7,180.00,Sushi_Fish,Sushi_Fish
10.65,0,8.6,0.00,8.38,0,7,180.00,Sushi_Fish,Sushi_Fish
10.65,0,8.6,0.00,8.38,0,7,180.00,Sushi_Fish,Sushi_Fish
10.65,0,8.6,0.00,8.38,0,7,180.00,Sushi_Fish,Sushi_Fish
10.65,0,8.6,0.00,8.38,0,7,180.00,Sushi_Fish,Sushi_Fish
10.65,0,8.6,0.00,8.38,0,7,180.00,Sushi_Fish,Sushi_Fish
10.65,0,8.6,0.00,8.38,0,7,180.00,Sushi_Fish,Sushi_Fish
10.65,0,8.6,0.00,8.38,0,7,180.00,Sushi_Fish,Sushi_Fish
10.65,0,8.6,0.00,8.38,0,7,180.00,Sushi_Fish,Sushi_Fish
10.65,0,8.6,0.00,8.38,0,7,180.00,Sushi_Fish,Sushi_Fish
10.65,0,8.6,0.00,8.38,0,7,180.00,Sushi_Fish,Sushi_Fish
10.65,0,8.6,0.00,8.38,0,7,180.00,Sushi_Fish,Sushi_Fish
10.65,0,8.6,0.00,8.38,0,7,180.00,Sushi_Fish,Sushi_Fish
10.65,0,8.6,0.00,8.38,0,7,180.00,Sushi_Fish,Sushi_Fish
10.65,0,8.6,0.00,8.38,0,7,180.00,Sushi_Fish,Sushi_Fish
10.65,0,8.6,0.00,8.38,0,7,180.00,Sushi_Fish,Sushi_Fish
10.65,0,8.6,0.00,8.38,0,7,180.00,Sushi_Fish,Sushi_Fish
10.65,0,8.6,0.00,8.38,0,7,180.00,Sushi_Fish,Sushi_Fish
10.65,0,8.6,0.00,8.38,0,7,180.00,Sushi_Fish,Sushi_Fish
10.65,0,8.6,0.00,8.38,0,7,180.00,Sushi_Fish,Sushi_Fish
10.65,0,8.6,0.00,8.38,0,7,180.00,Sushi_Fish,Sushi_Fish
10.65,0,8.6,0.00,8.38,0,7,180.00,Sushi_Fish,Sushi_Fish
10.65,0,8.6,0.00,8.38,0,7,180.00,Sushi_Fish,Sushi_Fish
10.65,0,8.6,0.00,8.38,0,7,180.00,Sushi_Fish,Sushi_Fish
10.65,0,8.6,0.00,8.38,0,7,180.00,Sushi_Fish,Sushi_Fish
10.65,0,8.6,0.00,8.38,0,7,180.00,Sushi_Fish,Sushi_Fish
10.65,0,8.6,0.00,8.38,0,7,180.00,Sushi_Fish,Sushi_Fish
10.65,0,8.6,0.00,8.38,0,7,180.00,Sushi_Fish,Sushi_Fish
10.65,0,8.6,0.00,8.38,0,7,180.00,Sushi_Fish,Sushi_Fish
10.65,0,8.6,0.00,8.38,0,7,180.00,Sushi_Fish,Sushi_Fish
10.65,0,8.6,0.00,8.38,0,7,180.00,Sushi_Fish,Sushi_Fish
10.65,0,8.6,0.00,8.38,0,7,180.00,Sushi_Fish,Sushi_Fish
10.65,0,8.6,0.00,8.38,0,7,180.00,Sushi_Fish,Sushi_Fish
10.65,0,8.6,0.00,8.38,0,7,180.00,Sushi_Fish,Sushi_Fish
10.65,0,8.6,0.00,8.38,0,7,180.00,Sushi_Fish,Sushi_Fish
10.65,0,8.6,0.00,8.38,0,7,180.00,Sushi_Fish,Sushi_Fish
10.65,0,8.6,0.00,8.38,0,7,180.00,Sushi_Fish,Sushi_Fish
10.65,0,8.6,0.00,8.38,0,7,180.00,Sushi_Fish,Sushi_Fish
10.65,0,8.6,0.00,8.38,0,7,180.00,Sushi_Fish,Sushi_Fish
10.65,0,8.6,0.00,8.38,0,7,180.00,Sushi_Fish,Sushi_Fish
10.65,0,8.6,0.00,8.38,0,7,180.00,Sushi_Fish,Sushi_Fish
10.65,0,8.6,0.00,8.38,0,7,180.00,Sushi_Fish,Sushi_Fish
10.65,0,8.6,0.00,8.38,0,7,180.00,Sushi_Fish,Sushi_Fish
10.65,0,8.6,0.00,8.38,0,7,180.00,Sushi_Fish,Sushi_Fish
10.65,0,8.6,0.00,8.38,0,7,180.00,Sushi_Fish,Sushi_Fish
10.65,0,8.6,0.00,8.38,0,7,180.00,Sushi_Fish,Sushi_Fish
10.65,0,8.6,0.00,8.38,0,7,180.00,Sushi_Fish,Sushi_Fish
10.65,0,8.6,0.00,8.38,0,7,180.00,Sushi_Fish,Sushi_Fish
10.65,0,8.6,0.00,8.38,0,7,180.00,Sushi_Fish,Sushi_Fish
10.65,0,8.6,0.00,8.38,0,7,180.00,Sushi_Fish,Sushi_Fish
10.65,0,8.6,0.00,8.38,0,7,180.00,Sushi_Fish,Sushi_Fish
10.65,0,8.6,0.00,8.38,0,7,180.00,Sushi_Fish,Sushi_Fish
10.65,0,8.6,0.00,8.38,0,7,180.00,Sushi_Fish,Sushi_Fish
10.65,0,8.6,0.00,8.38,0,7,180.00,Sushi_Fish,Sushi_Fish
10.65,0,8.6,0.00,8.38,0,7,180.00,Sushi_Fish,Sushi_Fish
10.65,0,8.6,0.00,8.38,0,7,180.00,Sushi_Fish,Sushi_Fish
10.65,0,8.6,0.00,8.38,0,7,180.00,Sushi_Fish,Sushi_Fish
10.65,0,8.6,0.00,8.38,0,7,180.00,Sushi_Fish,Sushi_Fish
10.65,0,8.6,0.00,8.38,0,7,180.00,Sushi_Fish,Sushi_Fish
10.65,0,8.6,0.00,8.38,0,7,180.00,Sushi_Fish,Sushi_Fish
10.65,0,8.6,0.00,8.38,0,7,180.00,Sushi_Fish,Sushi_Fish
10.65,0,8.6,0.00,8.38,0,7,180.00,Sushi_Fish,Sushi_Fish
10.65,0,8.6,0.00,8.38,0,7,180.00,Sushi_Fish,Sushi_Fish
10.65,0,8.6,0.00,8.38,0,7,180.00,Sushi_Fish,Sushi_Fish
10.65,0,8.6,0.00,8.38,0,7,180.00,Sushi_Fish,Sushi_Fish
10.65,0,8.6,0.00,8.38,0,7,180.00,Sushi_Fish,Sushi_Fish
10.65,0,8.6,0.00,8.38,0,7,180.00,Sushi_Fish,Sushi_Fish
10.65,0,8.6,0.00,8.38,0,7,180.00,Sushi_Fish,Sushi_Fish
10.65,0,8.6,0.00,8.38,0,7,180.00,Sushi_Fish,Sushi_Fish
10.65,0,8.6,0.00,8.38,0,7,180.00,Sushi_Fish,Sushi_Fish
10.65,0,8.6,0.00,8.38,0,7,180.00,Sushi_Fish,Sushi_Fish
10.65,0,8.6,0.00,8.38,0,7,180.00,Sushi_Fish,Sushi_Fish
10.65,0,8.6,0.00,8.38,0,7,180.00,Sushi_Fish,Sushi_Fish
10.65,0,8.6,0.00,8.38,0,7,180.00,Sushi_Fish,Sushi_Fish
10.65,0,8.6,0.00,8.38,0,7,180.00,Sushi_Fish,Sushi_Fish
10.65,0,8.6,0.00,8.38,0,7,180.00,Sushi_Fish,Sushi_Fish
10.65,0,8.6,0.00,8.38,0,7,180.00,Sushi_Fish,Sushi_Fish
10.65,0,8.6,0.00,8.38,0,7,180.00,Sushi_Fish,Sushi_Fish
10.65,0,8.6,0.00,8.38,0,7,180.00,Sushi_Fish,Sushi_Fish
10.65,0,8.6,0.00,8.38,0,7,180.00,Sushi_Fish,Sushi_Fish
10.65,0,8.6,0.00,8.38,0,7,180.00,Sushi_Fish,Sushi_Fish
10.65,0,8.6,0.00,8.38,0,7,180.00,Sushi_Fish,Sushi_Fish
10.89,0,8.6,57.30,8.38,0,7,180.00,Sushi_Fish,Sushi_Fish
11.25,0,8.6,90.00,8.38,0,7,180.00,Sushi_Fish,Sushi_Fish
11.73,0,8.59,90.00,8.38,0,7,180.00,Sushi_Fish,Sushi_Fish
11.97,0,8.59,90.00,8.38,0,7,180.00,Sushi_Fish,Sushi_Fish
12.33,0,8.59,90.00,8.38,0,7,180.00,Sushi_Fish,Sushi_Fish
12.81,0,8.59,70.90,8.38,0,7,180.00,Sushi_Fish,Sushi_Fish
13.1,0,8.6,45.00,8.38,0,7,180.00,Sushi_Fish,Sushi_Fish
13.35,0,8.6,6.80,8.38,0,7,180.00,Sushi_Fish,Sushi_Fish
13.35,0,8.6,0.00,8.38,0,7,180.00,Sushi_Fish,Sushi_Fish
13.35,0,8.6,0.00,8.38,0,7,180.00,Sushi_Fish,Sushi_Fish
13.35,0,8.6,0.00,8.38,0,7,180.00,Sushi_Fish,Sushi_Fish
13.35,0,8.6,0.00,8.38,0,7,180.00,Sushi_Fish,Sushi_Fish
13.35,0,8.6,0.00,8.38,0,7,180.00,Sushi_Fish,Sushi_Fish
13.35,0,8.6,0.00,8.38,0,7,180.00,Sushi_Fish,Sushi_Fish
13.35,0,8.6,0.00,8.38,0,7,180.00,Sushi_Fish,Sushi_Fish
13.59,0,8.6,76.39,8.38,0,7,180.00,Sushi_Fish,Sushi_Fish
14.07,0,8.58,90.00,8.38,0,7,180.00,Sushi_Fish,Sushi_Fish
14.43,0,8.58,90.00,8.38,0,7,180.00,Sushi_Fish,Sushi_Fish
14.75,0,8.5,135.00,8.38,0,7,180.00,Sushi_Fish,Sushi_Fish
15.01,0,8.24,154.10,8.38,0,7,180.00,Sushi_Fish,Sushi_Fish
15.01,0,7.76,180.00,8.38,0,7,180.00,Sushi_Fish,Sushi_Fish
15.01,0,7.52,180.00,8.38,0,7,180.00,Sushi_Fish,Sushi_Fish
15.01,0,7.04,180.00,8.38,0,7,180.00,Sushi_Fish,Sushi_Fish
15.01,0,6.68,180.00,8.38,0,7,180.00,Sushi_Fish,Sushi_Fish
15.01,0,6.32,199.10,8.38,0,7,180.00,Sushi_Fish,Sushi_Fish
14.67,0,5.98,225.00,8.38,0,7,180.00,Sushi_Fish,Sushi_Fish
14.42,0,5.73,225.00,8.38,0,7,180.00,Sushi_Fish,Sushi_Fish
14.16,0,5.47,244.10,8.38,0,7,180.00,Sushi_Fish,Sushi_Fish
14.2,0,5.47,270.00,8.38,0,7,180.00,Sushi_Fish,Sushi_Fish
14.2,0,5.47,270.00,8.38,0,7,180.00,Sushi_Fish,Sushi_Fish
14.2,0,5.47,250.90,8.38,0,7,180.00,Sushi_Fish,Sushi_Fish
13.98,0,5.08,180.00,8.38,0,7,180.00,Sushi_Fish,Sushi_Fish
13.8,0,4.72,180.00,8.38,0,7,180.00,Sushi_Fish,Sushi_Fish
13.8,0,4.36,180.00,8.38,0,7,180.00,Sushi_Fish,Sushi_Fish
13.8,0,3.88,180.00,8.38,0,7,180.00,Sushi_Fish,Sushi_Fish
13.8,0,3.64,180.00,8.38,0,7,180.00,Sushi_Fish,Sushi_Fish
13.8,0,3.16,141.80,8.38,0,7,180.00,Sushi_Fish,Sushi_Fish
14.09,0,2.99,96.80,8.38,0,7,180.00,Sushi_Fish,Sushi_Fish
14.45,0,2.99,90.00,8.38,0,7,180.00,Sushi_Fish,Sushi_Fish
14.93,0,2.99,90.00,8.38,0,7,180.00,Sushi_Fish,Sushi_Fish
15.1,0,2.7,166.39,8.38,0,7,180.00,Sushi_Fish,Sushi_Fish
15.1,0,2.34,180.00,8.38,0,7,180.00,Sushi_Fish,Sushi_Fish
15.11,0,2.2,180.00,8.38,0,7,180.00,Sushi_Fish,Sushi_Fish
15.12,0,2.2,180.00,8.38,0,7,180.00,Sushi_Fish,Sushi_Fish
15.12,0,2.2,180.00,8.38,0,7,180.00,Sushi_Fish,Sushi_Fish
15.12,0,2.2,180.00,8.38,0,7,180.00,Sushi_Fish,Sushi_Fish
15.12,0,2.2,180.00,8.38,0,7,180.00,Sushi_Fish,Sushi_Fish
15.12,0,2.2,180.00,8.38,0,7,180.00,Sushi_Fish,Sushi_Fish
15.12,0,2.2,180.00,8.38,0,7,180.00,Sushi_Fish,Sushi_Fish
15.12,0,2.2,180.00,8.38,0,7,180.00,Sushi_Fish,Sushi_Fish
15.12,0,2.2,180.00,8.38,0,7,180.00,Sushi_Fish,Sushi_Fish
15.12,0,2.2,199.10,8.38,0,7,180.00,Sushi_Fish,Sushi_Fish
14.77,0,2.22,270.00,8.38,0,7,180.00,Sushi_Fish,Sushi_Fish
14.41,0,2.22,270.00,8.38,0,7,180.00,Sushi_Fish,Sushi_Fish
14.41,0,2.22,231.80,8.38,0,7,180.00,Sushi_Fish,Sushi_Fish
14.41,0,2.2,180.00,8.38,0,7,180.00,Sushi_Fish,Sushi_Fish
14.41,0,2.2,180.00,8.38,0,7,180.00,Sushi_Fish,Sushi_Fish
14.41,0,2.2,180.00,8.38,0,7,180.00,Sushi_Fish,Sushi_Fish
14.41,0,2.2,180.00,8.38,0,7,180.00,Sushi_Fish,Sushi_Fish
14.41,0,2.2,180.00,8.38,0,7,180.00,Sushi_Fish,Sushi_Fish
14.41,0,2.2,180.00,8.38,0,7,180.00,Sushi_Fish,Sushi_Fish
14.41,0,2.2,180.00,8.38,0,7,180.00,Sushi_Fish,Sushi_Fish
14.41,0,2.2,180.00,8.38,0,7,180.00,Sushi_Fish,Sushi_Fish
14.41,0,2.2,180.00,8.38,0,7,180.00,Sushi_Fish,Sushi_Fish
14.41,0,2.2,180.00,8.38,0,7,180.00,Sushi_Fish,Sushi_Fish
14.41,0,2.2,180.00,8.38,0,7,180.00,Sushi_Fish,Sushi_Fish
14.41,0,2.32,237.30,8.38,0,7,180.00,Sushi_Fish,Sushi_Fish
14.41,0,2.8,294.59,8.38,0,7,180.00,Sushi_Fish,Sushi_Fish
14.41,0,3.16,0.00,8.38,0,7,180.00,Sushi_Fish,Sushi_Fish
14.41,0,3.52,0.00,8.38,0,7,180.00,Sushi_Fish,Sushi_Fish
14.41,0,4,0.00,8.38,0,7,180.00,Sushi_Fish,Sushi_Fish
14.49,0,4.2,45.00,8.38,0,7,180.00,Sushi_Fish,Sushi_Fish
14.75,0,4.46,45.00,8.38,0,7,180.00,Sushi_Fish,Sushi_Fish
15.09,0,4.8,45.00,8.38,0,7,180.00,Sushi_Fish,Sushi_Fish
15.34,0,5.05,45.00,8.38,0,7,180.00,Sushi_Fish,Sushi_Fish
15.6,0,5.31,45.00,8.38,0,7,180.00,Sushi_Fish,Sushi_Fish
15.77,0,5.72,0.00,8.38,0,7,180.00,Sushi_Fish,Sushi_Fish
15.77,0,6.08,0.00,8.38,0,7,180.00,Sushi_Fish,Sushi_Fish
15.77,0,6.44,0.00,8.38,0,7,180.00,Sushi_Fish,Sushi_Fish
15.77,0,6.8,0.00,8.38,0,7,180.00,Sushi_Fish,Sushi_Fish
15.77,0,7.16,0.00,8.38,0,7,180.00,Sushi_Fish,Sushi_Fish
15.77,0,7.64,0.00,8.38,0,7,180.00,Sushi_Fish,Sushi_Fish
15.77,0,8,0.00,8.38,0,7,180.00,Sushi_Fish,Sushi_Fish
15.77,0,8.36,0.00,8.38,0,7,180.00,Sushi_Fish,Sushi_Fish
15.77,0,8.6,0.00,8.38,0,7,180.00,Sushi_Fish,Sushi_Fish
15.77,0,8.6,0.00,8.38,0,7,180.00,Sushi_Fish,Sushi_Fish
15.77,0,8.6,302.70,8.38,0,7,180.00,Sushi_Fish,Sushi_Fish
15.77,0,8.12,226.31,8.38,0,7,180.00,Sushi_Fish,Sushi_Fish
15.77,0,7.76,180.00,8.38,0,7,180.00,Sushi_Fish,Sushi_Fish
15.77,0,7.4,199.10,8.38,0,7,180.00,Sushi_Fish,Sushi_Fish
15.43,0,7.06,225.00,8.38,0,7,180.00,Sushi_Fish,Sushi_Fish
15.17,0,6.8,225.00,8.38,0,7,180.00,Sushi_Fish,Sushi_Fish
14.92,0,6.55,225.00,8.38,0,7,180.00,Sushi_Fish,Sushi_Fish
14.58,0,6.21,225.00,8.38,0,7,180.00,Sushi_Fish,Sushi_Fish
14.32,0,5.96,225.00,8.38,0,7,180.00,Sushi_Fish,Sushi_Fish
14.19,0,5.7,225.00,8.38,0,7,180.00,Sushi_Fish,Sushi_Fish
14.2,0,5.45,205.90,8.38,0,7,180.00,Sushi_Fish,Sushi_Fish
14.2,0,5.09,180.00,8.38,0,7,180.00,Sushi_Fish,Sushi_Fish
14.2,0,4.61,180.00,8.38,0,7,180.00,Sushi_Fish,Sushi_Fish
14.03,0,4.32,225.00,8.38,0,7,180.00,Sushi_Fish,Sushi_Fish
13.78,0,4.06,244.10,8.38,0,7,180.00,Sushi_Fish,Sushi_Fish
13.3,0,4.06,270.00,8.38,0,7,180.00,Sushi_Fish,Sushi_Fish
13.06,0,4.06,270.00,8.38,0,7,180.00,Sushi_Fish,Sushi_Fish
12.7,0,4.06,270.00,8.38,0,7,180.00,Sushi_Fish,Sushi_Fish
12.22,0,4.06,270.00,8.38,0,7,180.00,Sushi_Fish,Sushi_Fish
11.86,0,4.06,270.00,8.38,0,7,180.00,Sushi_Fish,Sushi_Fish
11.5,0,4.06,270.00,8.38,0,7,180.00,Sushi_Fish,Sushi_Fish
11.02,0,4.06,270.00,8.38,0,7,180.00,Sushi_Fish,Sushi_Fish
10.73,0,4.23,315.00,8.38,0,7,180.00,Sushi_Fish,Sushi_Fish
10.56,0,4.52,0.00,8.38,0,7,180.00,Sushi_Fish,Sushi_Fish
10.56,0,4.88,0.00,8.38,0,7,180.00,Sushi_Fish,Sushi_Fish
10.56,0,5,0.00,8.38,0,7,180.00,Sushi_Fish,Sushi_Fish
10.56,0,5,19.10,8.38,0,7,180.00,Sushi_Fish,Sushi_Fish
10.92,0,5,90.00,8.38,0,7,180.00,Sushi_Fish,Sushi_Fish
11.28,0,5,90.00,8.38,0,7,180.00,Sushi_Fish,Sushi_Fish
11.75,0,4.98,90.00,8.38,0,7,180.00,Sushi_Fish,Sushi_Fish
12.11,0,4.98,90.00,8.38,0,7,180.00,Sushi_Fish,Sushi_Fish
12.35,0,4.98,90.00,8.38,0,7,180.00,Sushi_Fish,Sushi_Fish
12.83,0,4.98,128.20,8.38,0,7,180.00,Sushi_Fish,Sushi_Fish
13.08,0,4.73,154.10,8.38,0,7,180.00,Sushi_Fish,Sushi_Fish
13.08,0,4.37,180.00,8.38,0,7,180.00,Sushi_Fish,Sushi_Fish
13.08,0,3.89,180.00,8.38,0,7,180.00,Sushi_Fish,Sushi_Fish
13.08,0,3.53,180.00,8.38,0,7,180.00,Sushi_Fish,Sushi_Fish
13.08,0,3.17,180.00,8.38,0,7,180.00,Sushi_Fish,Sushi_Fish
13.08,0,2.81,180.00,8.38,0,7,180.00,Sushi_Fish,Sushi_Fish
13.08,0,2.45,180.00,8.38,0,7,180.00,Sushi_Fish,Sushi_Fish
13.08,0,2.2,180.00,8.38,0,7,180.00,Sushi_Fish,Sushi_Fish
13.08,0,2.2,180.00,8.38,0,7,180.00,Sushi_Fish,Sushi_Fish
13.08,0,2.2,199.10,8.38,0,7,180.00,Sushi_Fish,Sushi_Fish
13.08,0,2.68,275.49,8.38,0,7,180.00,Sushi_Fish,Sushi_Fish
13.08,0,3.04,351.89,8.38,0,7,180.00,Sushi_Fish,Sushi_Fish
13.08,0,3.4,0.00,8.38,0,7,180.00,Sushi_Fish,Sushi_Fish
13.08,0,3.76,0.00,8.38,0,7,180.00,Sushi_Fish,Sushi_Fish
13.08,0,4.12,0.00,8.38,0,7,180.00,Sushi_Fish,Sushi_Fish
13.08,0,4.6,0.00,8.38,0,7,180.00,Sushi_Fish,Sushi_Fish
13.08,0,4.96,0.00,8.38,0,7,180.00,Sushi_Fish,Sushi_Fish
13.17,0,5,45.00,8.38,0,7,180.00,Sushi_Fish,Sushi_Fish
13.42,0,5,45.00,8.38,0,7,180.00,Sushi_Fish,Sushi_Fish
13.76,0,5,45.00,8.38,0,7,180.00,Sushi_Fish,Sushi_Fish
13.94,0,5.01,45.00,8.38,0,7,180.00,Sushi_Fish,Sushi_Fish
14.3,0,5.31,45.00,8.38,0,7,180.00,Sushi_Fish,Sushi_Fish
14.55,0,5.56,45.00,8.38,0,7,180.00,Sushi_Fish,Sushi_Fish
14.64,0,5.89,0.00,8.38,0,7,180.00,Sushi_Fish,Sushi_Fish
14.55,0,6.33,321.80,8.38,0,7,180.00,Sushi_Fish,Sushi_Fish
14.3,0,6.59,315.00,8.38,0,7,180.00,Sushi_Fish,Sushi_Fish
14.11,0,6.87,315.00,8.38,0,7,180.00,Sushi_Fish,Sushi_Fish
13.7,0,7.04,270.00,8.38,0,7,180.00,Sushi_Fish,Sushi_Fish
13.46,0,7.04,270.00,8.38,0,7,180.00,Sushi_Fish,Sushi_Fish
13.1,0,7.04,270.00,8.38,0,7,180.00,Sushi_Fish,Sushi_Fish
12.62,0,7.04,270.00,8.38,0,7,180.00,Sushi_Fish,Sushi_Fish
12.33,0,7.21,315.00,8.38,0,7,180.00,Sushi_Fish,Sushi_Fish
12.07,0,7.47,334.10,8.38,0,7,180.00,Sushi_Fish,Sushi_Fish
12.07,0,7.95,0.00,8.38,0,7,180.00,Sushi_Fish,Sushi_Fish
12.07,0,8.19,0.00,8.38,0,7,180.00,Sushi_Fish,Sushi_Fish
12.07,0,8.67,0.00,8.38,0,7,180.00,Sushi_Fish,Sushi_Fish
12.07,0,8.6,0.00,8.38,0,7,180.00,Sushi_Fish,Sushi_Fish
12.07,0,8.6,0.00,8.38,0,7,180.00,Sushi_Fish,Sushi_Fish
12.07,0,8.6,0.00,8.38,0,7,180.00,Sushi_Fish,Sushi_Fish
12.07,0,8.6,0.00,8.38,0,7,180.00,Sushi_Fish,Sushi_Fish
11.83,0,8.6,283.61,8.38,0,7,180.00,Sushi_Fish,Sushi_Fish
11.35,0,8.58,270.00,8.38,0,7,180.00,Sushi_Fish,Sushi_Fish
10.99,0,8.58,270.00,8.38,0,7,180.00,Sushi_Fish,Sushi_Fish
10.67,0,8.6,327.30,8.38,0,7,180.00,Sushi_Fish,Sushi_Fish
10.67,0,8.6,0.00,8.38,0,7,180.00,Sushi_Fish,Sushi_Fish
10.67,0,8.6,0.00,8.38,0,7,180.00,Sushi_Fish,Sushi_Fish
10.67,0,8.6,0.00,8.38,0,7,180.00,Sushi_Fish,Sushi_Fish
10.67,0,8.36,0.00,8.38,0,7,180.00,Sushi_Fish,Sushi_Fish
10.99,0,8.28,57.30,8.38,0,7,180.00,Sushi_Fish,Sushi_Fish
11.35,0,8.28,90.00,8.38,0,7,180.00,Sushi_Fish,Sushi_Fish
11.83,0,8.28,90.00,8.38,0,7,180.00,Sushi_Fish,Sushi_Fish
12.12,0,8.11,135.00,8.38,0,7,180.00,Sushi_Fish,Sushi_Fish
12.21,0,7.78,180.00,8.38,0,7,180.00,Sushi_Fish,Sushi_Fish
12.21,0,7.42,180.00,8.38,0,7,180.00,Sushi_Fish,Sushi_Fish
12.21,0,7.06,180.00,8.38,0,7,180.00,Sushi_Fish,Sushi_Fish
12.21,0,7,180.00,8.38,0,7,180.00,Sushi_Fish,Sushi_Fish
12.21,0,7,180.00,8.38,0,7,180.00,Sushi_Fish,Sushi_Fish
12.09,0,7,218.20,8.38,0,7,180.00,Sushi_Fish,Sushi_Fish
11.61,0,7,270.00,8.38,0,7,180.00,Sushi_Fish,Sushi_Fish
11.32,0,7.17,315.00,8.38,0,7,180.00,Sushi_Fish,Sushi_Fish
11.15,0,7.34,0.00,8.38,0,7,180.00,Sushi_Fish,Sushi_Fish
11.15,0,7.82,0.00,8.38,0,7,180.00,Sushi_Fish,Sushi_Fish
11.15,0,8.18,0.00,8.38,0,7,180.00,Sushi_Fish,Sushi_Fish
11.15,0,8.54,0.00,8.38,0,7,180.00,Sushi_Fish,Sushi_Fish
11.15,0,8.6,0.00,8.38,0,7,180.00,Sushi_Fish,Sushi_Fish
11.15,0,8.6,0.00,8.38,0,7,180.00,Sushi_Fish,Sushi_Fish
11.15,0,8.6,0.00,8.38,0,7,180.00,Sushi_Fish,Sushi_Fish
11.15,0,8.6,0.00,8.38,0,7,180.00,Sushi_Fish,Sushi_Fish
11.15,0,8.6,0.00,8.38,0,7,180.00,Sushi_Fish,Sushi_Fish
11.15,0,8.6,0.00,8.38,0,7,180.00,Sushi_Fish,Sushi_Fish
11.15,0,8.6,0.00,8.38,0,7,180.00,Sushi_Fish,Sushi_Fish
11.15,0,8.6,0.00,8.38,0,7,180.00,Sushi_Fish,Sushi_Fish
11.15,0,8.6,0.00,8.38,0,7,180.00,Sushi_Fish,Sushi_Fish
11.15,0,8.6,0.00,8.38,0,7,180.00,Sushi_Fish,Sushi_Fish
11.15,0,8.6,0.00,8.38,0,7,180.00,Sushi_Fish,Sushi_Fish
11.15,0,8.6,0.00,8.38,0,7,180.00,Sushi_Fish,Sushi_Fish
11.15,0,8.6,0.00,8.38,0,7,180.00,Sushi_Fish,Sushi_Fish
11.15,0,8.6,0.00,8.38,0,7,180.00,Sushi_Fish,Sushi_Fish
11.15,0,8.6,0.00,8.38,0,7,180.00,Sushi_Fish,Sushi_Fish
11.15,0,8.6,0.00,8.38,0,7,180.00,Sushi_Fish,Sushi_Fish
11.15,0,8.6,0.00,8.38,0,7,180.00,Sushi_Fish,Sushi_Fish
11.15,0,8.6,0.00,8.38,0,7,180.00,Sushi_Fish,Sushi_Fish
11.15,0,8.6,0.00,8.38,0,7,180.00,Sushi_Fish,Sushi_Fish
11.15,0,8.6,0.00,8.38,0,7,180.00,Sushi_Fish,Sushi_Fish
11.15,0,8.6,0.00,8.38,0,7,180.00,Sushi_Fish,Sushi_Fish
11.15,0,8.6,0.00,8.38,0,7,180.00,Sushi_Fish,Sushi_Fish
11.15,0,8.6,0.00,8.38,0,7,180.00,Sushi_Fish,Sushi_Fish
11.15,0,8.6,0.00,8.38,0,7,180.00,Sushi_Fish,Sushi_Fish
11.15,0,8.6,0.00,8.38,0,7,180.00,Sushi_Fish,Sushi_Fish
11.15,0,8.6,0.00,8.38,0,7,180.00,Sushi_Fish,Sushi_Fish
11.15,0,8.6,0.00,8.38,0,7,180.00,Sushi_Fish,Sushi_Fish
11.15,0,8.6,0.00,8.38,0,7,180.00,Sushi_Fish,Sushi_Fish
11.15,0,8.6,0.00,8.38,0,7,180.00,Sushi_Fish,Sushi_Fish
11.15,0,8.6,0.00,8.38,0,7,180.00,Sushi_Fish,Sushi_Fish
11.15,0,8.6,0.00,8.38,0,7,180.00,Sushi_Fish,Sushi_Fish
11.15,0,8.6,0.00,8.38,0,7,180.00,Sushi_Fish,Sushi_Fish
11.15,0,8.6,0.00,8.38,0,7,180.00,Sushi_Fish,Sushi_Fish
11.15,0,8.6,0.00,8.38,0,7,180.00,Sushi_Fish,Sushi_Fish
11.15,0,8.6,0.00,8.38,0,7,180.00,Sushi_Fish,Sushi_Fish
11.15,0,8.6,0.00,8.38,0,7,180.00,Sushi_Fish,Sushi_Fish
11.15,0,8.6,0.00,8.38,0,7,180.00,Sushi_Fish,Sushi_Fish
11.15,0,8.6,0.00,8.38,0,7,180.00,Sushi_Fish,Sushi_Fish
11.15,0,8.6,0.00,8.38,0,7,180.00,Sushi_Fish,Sushi_Fish
11.15,0,8.6,0.00,8.38,0,7,180.00,Sushi_Fish,Sushi_Fish
11.15,0,8.6,0.00,8.38,0,7,180.00,Sushi_Fish,Sushi_Fish
11.15,0,8.6,0.00,8.38,0,7,180.00,Sushi_Fish,Sushi_Fish
11.15,0,8.6,0.00,8.38,0,7,180.00,Sushi_Fish,Sushi_Fish
11.15,0,8.6,0.00,8.38,0,7,180.00,Sushi_Fish,Sushi_Fish
11.15,0,8.6,0.00,8.38,0,7,180.00,Sushi_Fish,Sushi_Fish
11.15,0,8.6,0.00,8.38,0,7,180.00,Sushi_Fish,Sushi_Fish
11.15,0,8.6,0.00,8.38,0,7,180.00,Sushi_Fish,Sushi_Fish
11.15,0,8.6,0.00,8.38,0,7,180.00,Sushi_Fish,Sushi_Fish
11.15,0,8.6,0.00,8.38,0,7,180.00,Sushi_Fish,Sushi_Fish
11.15,0,8.6,0.00,8.38,0,7,180.00,Sushi_Fish,Sushi_Fish
11.15,0,8.6,0.00,8.38,0,7,180.00,Sushi_Fish,Sushi_Fish
11.15,0,8.6,0.00,8.38,0,7,180.00,Sushi_Fish,Sushi_Fish
11.15,0,8.6,0.00,8.38,0,7,180.00,Sushi_Fish,Sushi_Fish
11.15,0,8.6,0.00,8.38,0,7,180.00,Sushi_Fish,Sushi_Fish
11.15,0,8.6,0.00,8.38,0,7,180.00,Sushi_Fish,Sushi_Fish
11.15,0,8.6,0.00,8.38,0,7,180.00,Sushi_Fish,Sushi_Fish
11.15,0,8.6,0.00,8.38,0,7,180.00,Sushi_Fish,Sushi_Fish
11.15,0,8.6,0.00,8.38,0,7,180.00,Sushi_Fish,Sushi_Fish
11.15,0,8.6,0.00,8.38,0,7,180.00,Sushi_Fish,Sushi_Fish
11.15,0,8.6,0.00,8.38,0,7,180.00,Sushi_Fish,Sushi_Fish
11.15,0,8.6,0.00,8.38,0,7,180.00,Sushi_Fish,Sushi_Fish
11.15,0,8.6,0.00,8.38,0,7,180.00,Sushi_Fish,Sushi_Fish
11.15,0,8.6,0.00,8.38,0,7,180.00,Sushi_Fish,Sushi_Fish
11.15,0,8.6,0.00,8.38,0,7,180.00,Sushi_Fish,Sushi_Fish
11.15,0,8.6,0.00,8.38,0,7,180.00,Sushi_Fish,Sushi_Fish
11.15,0,8.6,0.00,8.38,0,7,180.00,Sushi_Fish,Sushi_Fish
11.15,0,8.6,0.00,8.38,0,7,180.00,Sushi_Fish,Sushi_Fish
11.15,0,8.6,0.00,8.38,0,7,180.00,Sushi_Fish,Sushi_Fish
11.15,0,8.6,0.00,8.38,0,7,180.00,Sushi_Fish,Sushi_Fish
11.15,0,8.6,0.00,8.38,0,7,180.00,Sushi_Fish,Sushi_Fish
11.15,0,8.6,0.00,8.38,0,7,180.00,Sushi_Fish,Sushi_Fish
11.15,0,8.6,0.00,8.38,0,7,180.00,Sushi_Fish,Sushi_Fish
11.15,0,8.6,0.00,8.38,0,7,180.00,Sushi_Fish,Sushi_Fish
11.15,0,8.6,0.00,8.38,0,7,180.00,Sushi_Fish,Sushi_Fish
11.15,0,8.6,0.00,8.38,0,7,180.00,Sushi_Fish,Sushi_Fish
11.15,0,8.6,0.00,8.38,0,7,180.00,Sushi_Fish,Sushi_Fish
11.15,0,8.6,0.00,8.38,0,7,180.00,Sushi_Fish,Sushi_Fish
11.15,0,8.6,0.00,8.38,0,7,180.00,Sushi_Fish,Sushi_Fish
11.15,0,8.6,0.00,8.38,0,7,180.00,Sushi_Fish,Sushi_Fish
11.15,0,8.6,0.00,8.38,0,7,180.00,Sushi_Fish,Sushi_Fish
11.15,0,8.6,0.00,8.38,0,7,180.00,Sushi_Fish,Sushi_Fish
11.15,0,8.6,0.00,8.38,0,7,180.00,Sushi_Fish,Sushi_Fish
11.15,0,8.6,0.00,8.38,0,7,180.00,Sushi_Fish,Sushi_Fish
11.15,0,8.6,0.00,8.38,0,7,180.00,Sushi_Fish,Sushi_Fish
11.15,0,8.6,0.00,8.38,0,7,180.00,Sushi_Fish,Sushi_Fish
11.15,0,8.6,0.00,8.38,0,7,180.00,Sushi_Fish,Sushi_Fish
11.15,0,8.6,0.00,8.38,0,7,180.00,Sushi_Fish,Sushi_Fish
11.15,0,8.6,0.00,8.38,0,7,180.00,Sushi_Fish,Sushi_Fish
11.15,0,8.6,0.00,8.38,0,7,180.00,Sushi_Fish,Sushi_Fish
11.15,0,8.6,0.00,8.38,0,7,180.00,Sushi_Fish,Sushi_Fish
11.15,0,8.6,0.00,8.38,0,7,180.00,Sushi_Fish,Sushi_Fish
11.15,0,8.6,0.00,8.38,0,7,180.00,Sushi_Fish,Sushi_Fish
11.15,0,8.6,0.00,8.38,0,7,180.00,Sushi_Fish,Sushi_Fish
11.15,0,8.6,0.00,8.38,0,7,180.00,Sushi_Fish,Sushi_Fish
11.15,0,8.6,0.00,8.38,0,7,180.00,Sushi_Fish,Sushi_Fish
11.15,0,8.6,0.00,8.38,0,7,180.00,Sushi_Fish,Sushi_Fish
11.15,0,8.6,0.00,8.38,0,7,180.00,Sushi_Fish,Sushi_Fish
11.15,0,8.6,0.00,8.38,0,7,180.00,Sushi_Fish,Sushi_Fish
11.15,0,8.6,0.00,8.38,0,7,180.00,Sushi_Fish,Sushi_Fish
11.15,0,8.6,0.00,8.38,0,7,180.00,Sushi_Fish,Sushi_Fish
11.15,0,8.6,0.00,8.38,0,7,180.00,Sushi_Fish,Sushi_Fish
11.15,0,8.6,0.00,8.38,0,7,180.00,Sushi_Fish,Sushi_Fish
11.15,0,8.6,0.00,8.38,0,7,180.00,Sushi_Fish,Sushi_Fish
11.15,0,8.6,0.00,8.38,0,7,180.00,Sushi_Fish,Sushi_Fish
11.15,0,8.6,0.00,8.38,0,7,180.00,Sushi_Fish,Sushi_Fish
11.15,0,8.6,0.00,8.38,0,7,180.00,Sushi_Fish,Sushi_Fish
11.15,0,8.6,0.00,8.38,0,7,180.00,Sushi_Fish,Sushi_Fish
11.15,0,8.6,0.00,8.38,0,7,180.00,Sushi_Fish,Sushi_Fish
11.15,0,8.6,0.00,8.38,0,7,180.00,Sushi_Fish,Sushi_Fish
11.15,0,8.6,0.00,8.38,0,7,180.00,Sushi_Fish,Sushi_Fish
11.15,0,8.6,0.00,8.38,0,7,180.00,Sushi_Fish,Sushi_Fish
11.15,0,8.6,0.00,8.38,0,7,180.00,Sushi_Fish,Sushi_Fish
11.15,0,8.6,0.00,8.38,0,7,180.00,Sushi_Fish,Sushi_Fish
11.15,0,8.6,0.00,8.38,0,7,180.00,Sushi_Fish,Sushi_Fish
11.15,0,8.6,0.00,8.38,0,7,180.00,Sushi_Fish,Sushi_Fish
11.15,0,8.6,0.00,8.38,0,7,180.00,Sushi_Fish,Sushi_Fish
11.15,0,8.6,0.00,8.38,0,7,180.00,Sushi_Fish,Sushi_Fish
11.15,0,8.6,0.00,8.38,0,7,180.00,Sushi_Fish,Sushi_Fish
11.15,0,8.6,0.00,8.38,0,7,180.00,Sushi_Fish,Sushi_Fish
11.15,0,8.6,19.10,8.38,0,7,180.00,Sushi_Fish,Sushi_Fish
11.51,0,8.6,90.00,8.38,0,7,180.00,Sushi_Fish,Sushi_Fish
11.99,0,8.6,90.00,8.38,0,7,180.00,Sushi_Fish,Sushi_Fish
12.24,0,8.6,45.00,8.38,0,7,180.00,Sushi_Fish,Sushi_Fish
12.41,0,8.6,0.00,8.38,0,7,180.00,Sushi_Fish,Sushi_Fish
12.41,0,8.6,0.00,8.38,0,7,180.00,Sushi_Fish,Sushi_Fish
12.41,0,8.6,0.00,8.38,0,7,180.00,Sushi_Fish,Sushi_Fish
12.41,0,8.6,0.00,8.38,0,7,180.00,Sushi_Fish,Sushi_Fish
12.41,0,8.6,0.00,8.38,0,7,180.00,Sushi_Fish,Sushi_Fish
12.41,0,8.6,0.00,8.38,0,7,180.00,Sushi_Fish,Sushi_Fish
12.41,0,8.6,0.00,8.38,0,7,180.00,Sushi_Fish,Sushi_Fish
12.77,0,8.59,76.39,8.38,0,7,180.00,Sushi_Fish,Sushi_Fish
13.01,0,8.59,90.00,8.38,0,7,180.00,Sushi_Fish,Sushi_Fish
13.49,0,8.59,90.00,8.38,0,7,180.00,Sushi_Fish,Sushi_Fish
13.82,0,8.5,128.20,8.38,0,7,180.00,Sushi_Fish,Sushi_Fish
14.07,0,8.25,135.00,8.38,0,7,180.00,Sushi_Fish,Sushi_Fish
14.33,0,7.87,173.20,8.38,0,7,180.00,Sushi_Fish,Sushi_Fish
14.33,0,7.51,180.00,8.38,0,7,180.00,Sushi_Fish,Sushi_Fish
14.33,0,7.15,180.00,8.38,0,7,180.00,Sushi_Fish,Sushi_Fish
14.33,0,6.79,180.00,8.38,0,7,180.00,Sushi_Fish,Sushi_Fish
14.33,0,6.43,180.00,8.38,0,7,180.00,Sushi_Fish,Sushi_Fish
14.33,0,6.07,180.00,8.38,0,7,180.00,Sushi_Fish,Sushi_Fish
14.33,0,5.59,180.00,8.38,0,7,180.00,Sushi_Fish,Sushi_Fish
14.33,0,5.23,180.00,8.38,0,7,180.00,Sushi_Fish,Sushi_Fish
14.33,0,4.87,180.00,8.38,0,7,180.00,Sushi_Fish,Sushi_Fish
14.33,0,4.39,180.00,8.38,0,7,180.00,Sushi_Fish,Sushi_Fish
14.16,0,4.1,225.00,8.38,0,7,180.00,Sushi_Fish,Sushi_Fish
13.9,0,3.85,225.00,8.38,0,7,180.00,Sushi_Fish,Sushi_Fish
13.56,0,3.51,225.00,8.38,0,7,180.00,Sushi_Fish,Sushi_Fish
13.39,0,3.34,186.80,8.38,0,7,180.00,Sushi_Fish,Sushi_Fish
13.39,0,2.86,180.00,8.38,0,7,180.00,Sushi_Fish,Sushi_Fish
13.39,0,2.5,180.00,8.38,0,7,180.00,Sushi_Fish,Sushi_Fish
13.39,0,2.14,180.00,8.38,0,7,180.00,Sushi_Fish,Sushi_Fish
13.39,0,2.2,180.00,8.38,0,7,180.00,Sushi_Fish,Sushi_Fish
13.39,0,2.2,180.00,8.38,0,7,180.00,Sushi_Fish,Sushi_Fish
13.39,0,2.2,180.00,8.38,0,7,180.00,Sushi_Fish,Sushi_Fish
13.39,0,2.2,180.00,8.38,0,7,180.00,Sushi_Fish,Sushi_Fish
13.39,0,2.2,218.20,8.38,0,7,180.00,Sushi_Fish,Sushi_Fish
13.39,0,2.56,294.59,8.38,0,7,180.00,Sushi_Fish,Sushi_Fish
13.39,0,3.04,351.89,8.38,0,7,180.00,Sushi_Fish,Sushi_Fish
13.48,0,3.36,38.20,8.38,0,7,180.00,Sushi_Fish,Sushi_Fish
13.73,0,3.62,45.00,8.38,0,7,180.00,Sushi_Fish,Sushi_Fish
14.14,0,3.79,90.00,8.38,0,7,180.00,Sushi_Fish,Sushi_Fish
14.5,0,3.79,90.00,8.38,0,7,180.00,Sushi_Fish,Sushi_Fish
14.86,0,3.79,90.00,8.38,0,7,180.00,Sushi_Fish,Sushi_Fish
15.22,0,3.79,90.00,8.38,0,7,180.00,Sushi_Fish,Sushi_Fish
15.55,0,3.87,45.00,8.38,0,7,180.00,Sushi_Fish,Sushi_Fish
15.89,0,4.21,45.00,8.38,0,7,180.00,Sushi_Fish,Sushi_Fish
15.89,0,4.57,0.00,8.38,0,7,180.00,Sushi_Fish,Sushi_Fish
15.89,0,4.93,0.00,8.38,0,7,180.00,Sushi_Fish,Sushi_Fish
15.89,0,5.41,0.00,8.38,0,7,180.00,Sushi_Fish,Sushi_Fish
15.89,0,5.65,0.00,8.38,0,7,180.00,Sushi_Fish,Sushi_Fish
15.89,0,6.01,0.00,8.38,0,7,180.00,Sushi_Fish,Sushi_Fish
15.89,0,6.49,0.00,8.38,0,7,180.00,Sushi_Fish,Sushi_Fish
15.89,0,6.85,0.00,8.38,0,7,180.00,Sushi_Fish,Sushi_Fish
15.89,0,7.21,0.00,8.38,0,7,180.00,Sushi_Fish,Sushi_Fish
15.89,0,7.69,0.00,8.38,0,7,180.00,Sushi_Fish,Sushi_Fish
15.89,0,8.05,0.00,8.38,0,7,180.00,Sushi_Fish,Sushi_Fish
15.89,0,8.41,0.00,8.38,0,7,180.00,Sushi_Fish,Sushi_Fish
15.89,0,8.61,0.00,8.38,0,7,180.00,Sushi_Fish,Sushi_Fish
15.89,0,8.6,0.00,8.38,0,7,180.00,Sushi_Fish,Sushi_Fish
15.89,0,8.6,0.00,8.38,0,7,180.00,Sushi_Fish,Sushi_Fish
15.89,0,8.6,0.00,8.38,0,7,180.00,Sushi_Fish,Sushi_Fish
15.77,0,8.6,321.80,8.38,0,7,180.00,Sushi_Fish,Sushi_Fish
15.29,0,8.6,270.00,8.38,0,7,180.00,Sushi_Fish,Sushi_Fish
14.93,0,8.59,270.00,8.38,0,7,180.00,Sushi_Fish,Sushi_Fish
14.93,0,8.59,270.00,8.38,0,7,180.00,Sushi_Fish,Sushi_Fish
14.93,0,8.6,308.20,8.38,0,7,180.00,Sushi_Fish,Sushi_Fish
14.57,0,8.6,270.00,8.38,0,7,180.00,Sushi_Fish,Sushi_Fish
14.33,0,8.6,270.00,8.38,0,7,180.00,Sushi_Fish,Sushi_Fish
13.85,0,8.6,270.00,8.38,0,7,180.00,Sushi_Fish,Sushi_Fish
13.49,0,8.59,270.00,8.38,0,7,180.00,Sushi_Fish,Sushi_Fish
13.2,0,8.42,225.00,8.38,0,7,180.00,Sushi_Fish,Sushi_Fish
12.86,0,8.08,225.00,8.38,0,7,180.00,Sushi_Fish,Sushi_Fish
12.6,0,7.82,225.00,8.38,0,7,180.00,Sushi_Fish,Sushi_Fish
12.35,0,7.57,225.00,8.38,0,7,180.00,Sushi_Fish,Sushi_Fish
12.1,0,7.32,225.00,8.38,0,7,180.00,Sushi_Fish,Sushi_Fish
11.84,0,7.06,225.00,8.38,0,7,180.00,Sushi_Fish,Sushi_Fish
11.43,0,7,270.00,8.38,0,7,180.00,Sushi_Fish,Sushi_Fish
11.07,0,7.01,270.00,8.38,0,7,180.00,Sushi_Fish,Sushi_Fish
10.71,0,7.01,250.90,8.38,0,7,180.00,Sushi_Fish,Sushi_Fish
10.46,0,7,186.80,8.38,0,7,180.00,Sushi_Fish,Sushi_Fish
10.46,0,7,180.00,8.38,0,7,180.00,Sushi_Fish,Sushi_Fish
10.46,0,7,180.00,8.38,0,7,180.00,Sushi_Fish,Sushi_Fish
10.46,0,7,180.00,8.38,0,7,180.00,Sushi_Fish,Sushi_Fish
10.46,0,7,180.00,8.38,0,7,180.00,Sushi_Fish,Sushi_Fish
10.7,0,7,103.61,8.38,0,7,180.00,Sushi_Fish,Sushi_Fish
11.18,0,7,90.00,8.38,0,7,180.00,Sushi_Fish,Sushi_Fish
11.53,0,7.02,90.00,8.38,0,7,180.00,Sushi_Fish,Sushi_Fish
11.89,0,7.02,90.00,8.38,0,7,180.00,Sushi_Fish,Sushi_Fish
12.25,0,7.02,90.00,8.38,0,7,180.00,Sushi_Fish,Sushi_Fish
12.61,0,7.02,90.00,8.38,0,7,180.00,Sushi_Fish,Sushi_Fish
13.09,0,7.02,90.00,8.38,0,7,180.00,Sushi_Fish,Sushi_Fish
13.45,0,7.02,109.10,8.38,0,7,180.00,Sushi_Fish,Sushi_Fish
13.71,0,7,154.10,8.38,0,7,180.00,Sushi_Fish,Sushi_Fish
13.71,0,7,180.00,8.38,0,7,180.00,Sushi_Fish,Sushi_Fish
13.71,0,7,180.00,8.38,0,7,180.00,Sushi_Fish,Sushi_Fish
13.71,0,7,180.00,8.38,0,7,180.00,Sushi_Fish,Sushi_Fish
13.71,0,7,180.00,8.38,0,7,180.00,Sushi_Fish,Sushi_Fish
13.71,0,7,180.00,8.38,0,7,180.00,Sushi_Fish,Sushi_Fish
13.71,0,7,180.00,8.38,0,7,180.00,Sushi_Fish,Sushi_Fish
13.97,0,6.98,115.90,8.38,0,7,180.00,Sushi_Fish,Sushi_Fish
14.33,0,6.98,90.00,8.38,0,7,180.00,Sushi_Fish,Sushi_Fish
14.69,0,6.98,90.00,8.38,0,7,180.00,Sushi_Fish,Sushi_Fish
15.05,0,6.98,90.00,8.38,0,7,180.00,Sushi_Fish,Sushi_Fish
15.38,0,6.89,135.00,8.38,0,7,180.00,Sushi_Fish,Sushi_Fish
15.55,0,6.48,180.00,8.38,0,7,180.00,Sushi_Fish,Sushi_Fish
15.55,0,6.12,180.00,8.38,0,7,180.00,Sushi_Fish,Sushi_Fish
15.55,0,5.76,180.00,8.38,0,7,180.00,Sushi_Fish,Sushi_Fish
15.55,0,5.28,180.00,8.38,0,7,180.00,Sushi_Fish,Sushi_Fish
15.55,0,4.92,180.00,8.38,0,7,180.00,Sushi_Fish,Sushi_Fish
15.55,0,4.56,180.00,8.38,0,7,180.00,Sushi_Fish,Sushi_Fish
15.55,0,4.08,180.00,8.38,0,7,180.00,Sushi_Fish,Sushi_Fish
15.55,0,3.72,180.00,8.38,0,7,180.00,Sushi_Fish,Sushi_Fish
15.55,0,3.48,180.00,8.38,0,7,180.00,Sushi_Fish,Sushi_Fish
15.55,0,3,180.00,8.38,0,7,180.00,Sushi_Fish,Sushi_Fish
15.55,0,2.64,180.00,8.38,0,7,180.00,Sushi_Fish,Sushi_Fish
15.55,0,2.28,180.00,8.38,0,7,180.00,Sushi_Fish,Sushi_Fish
15.55,0,2.2,180.00,8.38,0,7,180.00,Sushi_Fish,Sushi_Fish
15.55,0,2.2,180.00,8.38,0,7,180.00,Sushi_Fish,Sushi_Fish
15.55,0,2.2,199.10,8.38,0,7,180.00,Sushi_Fish,Sushi_Fish
15.07,0,2.2,270.00,8.38,0,7,180.00,Sushi_Fish,Sushi_Fish
14.83,0,2.22,308.20,8.38,0,7,180.00,Sushi_Fish,Sushi_Fish
14.49,0,2.55,315.00,8.38,0,7,180.00,Sushi_Fish,Sushi_Fish
14.41,0,2.88,315.00,8.38,0,7,180.00,Sushi_Fish,Sushi_Fish
14.15,0,3.13,315.00,8.38,0,7,180.00,Sushi_Fish,Sushi_Fish
13.81,0,3.47,315.00,8.38,0,7,180.00,Sushi_Fish,Sushi_Fish
13.56,0,3.73,315.00,8.38,0,7,180.00,Sushi_Fish,Sushi_Fish
13.3,0,3.98,276.80,8.38,0,7,180.00,Sushi_Fish,Sushi_Fish
12.82,0,3.98,270.00,8.38,0,7,180.00,Sushi_Fish,Sushi_Fish
12.5,0,4.07,308.20,8.38,0,7,180.00,Sushi_Fish,Sushi_Fish
12.5,0,4.43,0.00,8.38,0,7,180.00,Sushi_Fish,Sushi_Fish
12.5,0,4.91,0.00,8.38,0,7,180.00,Sushi_Fish,Sushi_Fish
12.5,0,5.01,0.00,8.38,0,7,180.00,Sushi_Fish,Sushi_Fish
12.5,0,5,0.00,8.38,0,7,180.00,Sushi_Fish,Sushi_Fish
12.5,0,5,0.00,8.38,0,7,180.00,Sushi_Fish,Sushi_Fish
12.5,0,5,19.10,8.38,0,7,180.00,Sushi_Fish,Sushi_Fish
12.74,0,5,45.00,8.38,0,7,180.00,Sushi_Fish,Sushi_Fish
13.08,0,5,45.00,8.38,0,7,180.00,Sushi_Fish,Sushi_Fish
13.16,0,5,0.00,8.38,0,7,180.00,Sushi_Fish,Sushi_Fish
13.16,0,5,0.00,8.38,0,7,180.00,Sushi_Fish,Sushi_Fish
13.16,0,5,0.00,8.38,0,7,180.00,Sushi_Fish,Sushi_Fish
13.16,0,5,0.00,8.38,0,7,180.00,Sushi_Fish,Sushi_Fish
13.25,0,5,45.00,8.38,0,7,180.00,Sushi_Fish,Sushi_Fish
13.5,0,5,45.00,8.38,0,7,180.00,Sushi_Fish,Sushi_Fish
13.76,0,5,83.20,8.38,0,7,180.00,Sushi_Fish,Sushi_Fish
14.24,0,5,90.00,8.38,0,7,180.00,Sushi_Fish,Sushi_Fish
14.56,0,5.08,45.00,8.38,0,7,180.00,Sushi_Fish,Sushi_Fish
14.73,0,5.37,0.00,8.38,0,7,180.00,Sushi_Fish,Sushi_Fish
14.73,0,5.85,0.00,8.38,0,7,180.00,Sushi_Fish,Sushi_Fish
14.73,0,6.21,0.00,8.38,0,7,180.00,Sushi_Fish,Sushi_Fish
14.73,0,6.57,0.00,8.38,0,7,180.00,Sushi_Fish,Sushi_Fish
14.65,0,7.02,321.80,8.38,0,7,180.00,Sushi_Fish,Sushi_Fish
14.39,0,7.27,315.00,8.38,0,7,180.00,Sushi_Fish,Sushi_Fish
14.14,0,7.53,315.00,8.38,0,7,180.00,Sushi_Fish,Sushi_Fish
13.88,0,7.78,276.80,8.38,0,7,180.00,Sushi_Fish,Sushi_Fish
13.52,0,7.78,270.00,8.38,0,7,180.00,Sushi_Fish,Sushi_Fish
13.16,0,7.78,270.00,8.38,0,7,180.00,Sushi_Fish,Sushi_Fish
12.68,0,7.78,270.00,8.38,0,7,180.00,Sushi_Fish,Sushi_Fish
12.32,0,7.78,270.00,8.38,0,7,180.00,Sushi_Fish,Sushi_Fish
11.96,0,7.78,270.00,8.38,0,7,180.00,Sushi_Fish,Sushi_Fish
11.52,0,7.87,308.20,8.38,0,7,180.00,Sushi_Fish,Sushi_Fish
11.26,0,8.12,315.00,8.38,0,7,180.00,Sushi_Fish,Sushi_Fish
11.18,0,8.45,0.00,8.38,0,7,180.00,Sushi_Fish,Sushi_Fish
11.18,0,8.62,0.00,8.38,0,7,180.00,Sushi_Fish,Sushi_Fish
11.18,0,8.6,0.00,8.38,0,7,180.00,Sushi_Fish,Sushi_Fish
11.18,0,8.6,0.00,8.38,0,7,180.00,Sushi_Fish,Sushi_Fish
11.18,0,8.6,0.00,8.38,0,7,180.00,Sushi_Fish,Sushi_Fish
11.18,0,8.6,0.00,8.38,0,7,180.00,Sushi_Fish,Sushi_Fish
11.18,0,8.6,0.00,8.38,0,7,180.00,Sushi_Fish,Sushi_Fish
11.18,0,8.6,0.00,8.38,0,7,180.00,Sushi_Fish,Sushi_Fish
11.18,0,8.6,0.00,8.38,0,7,180.00,Sushi_Fish,Sushi_Fish
11.18,0,8.6,0.00,8.38,0,7,180.00,Sushi_Fish,Sushi_Fish
11.18,0,8.6,0.00,8.38,0,7,180.00,Sushi_Fish,Sushi_Fish
11.18,0,8.6,0.00,8.38,0,7,180.00,Sushi_Fish,Sushi_Fish
11.18,0,8.6,0.00,8.38,0,7,180.00,Sushi_Fish,Sushi_Fish
11.18,0,8.6,0.00,8.38,0,7,180.00,Sushi_Fish,Sushi_Fish
11.18,0,8.6,0.00,8.38,0,7,180.00,Sushi_Fish,Sushi_Fish
11.18,0,8.6,0.00,8.38,0,7,180.00,Sushi_Fish,Sushi_Fish
11.18,0,8.6,0.00,8.38,0,7,180.00,Sushi_Fish,Sushi_Fish
11.18,0,8.6,0.00,8.38,0,7,180.00,Sushi_Fish,Sushi_Fish
11.18,0,8.6,0.00,8.38,0,7,180.00,Sushi_Fish,Sushi_Fish
11.18,0,8.6,0.00,8.38,0,7,180.00,Sushi_Fish,Sushi_Fish
11.18,0,8.6,0.00,8.38,0,7,180.00,Sushi_Fish,Sushi_Fish
11.18,0,8.6,0.00,8.38,0,7,180.00,Sushi_Fish,Sushi_Fish
11.18,0,8.6,0.00,8.38,0,7,180.00,Sushi_Fish,Sushi_Fish
11.18,0,8.6,0.00,8.38,0,7,180.00,Sushi_Fish,Sushi_Fish
11.18,0,8.6,0.00,8.38,0,7,180.00,Sushi_Fish,Sushi_Fish
11.18,0,8.6,0.00,8.38,0,7,180.00,Sushi_Fish,Sushi_Fish
11.18,0,8.6,0.00,8.38,0,7,180.00,Sushi_Fish,Sushi_Fish
11.18,0,8.6,0.00,8.38,0,7,180.00,Sushi_Fish,Sushi_Fish
11.18,0,8.6,0.00,8.38,0,7,180.00,Sushi_Fish,Sushi_Fish
11.18,0,8.6,0.00,8.38,0,7,180.00,Sushi_Fish,Sushi_Fish
11.18,0,8.6,0.00,8.38,0,7,180.00,Sushi_Fish,Sushi_Fish
11.18,0,8.6,0.00,8.38,0,7,180.00,Sushi_Fish,Sushi_Fish
11.18,0,8.6,0.00,8.38,0,7,180.00,Sushi_Fish,Sushi_Fish
11.18,0,8.6,0.00,8.38,0,7,180.00,Sushi_Fish,Sushi_Fish
11.18,0,8.6,0.00,8.38,0,7,180.00,Sushi_Fish,Sushi_Fish
11.18,0,8.6,0.00,8.38,0,7,180.00,Sushi_Fish,Sushi_Fish
11.18,0,8.6,0.00,8.38,0,7,180.00,Sushi_Fish,Sushi_Fish
11.18,0,8.6,0.00,8.38,0,7,180.00,Sushi_Fish,Sushi_Fish
11.18,0,8.6,0.00,8.38,0,7,180.00,Sushi_Fish,Sushi_Fish
11.18,0,8.6,0.00,8.38,0,7,180.00,Sushi_Fish,Sushi_Fish
11.18,0,8.6,0.00,8.38,0,7,180.00,Sushi_Fish,Sushi_Fish
11.18,0,8.6,0.00,8.38,0,7,180.00,Sushi_Fish,Sushi_Fish
11.18,0,8.6,0.00,8.38,0,7,180.00,Sushi_Fish,Sushi_Fish
11.18,0,8.6,0.00,8.38,0,7,180.00,Sushi_Fish,Sushi_Fish
11.18,0,8.6,0.00,8.38,0,7,180.00,Sushi_Fish,Sushi_Fish
11.18,0,8.6,0.00,8.38,0,7,180.00,Sushi_Fish,Sushi_Fish
11.18,0,8.6,0.00,8.38,0,7,180.00,Sushi_Fish,Sushi_Fish
11.18,0,8.6,0.00,8.38,0,7,180.00,Sushi_Fish,Sushi_Fish
11.18,0,8.6,0.00,8.38,0,7,180.00,Sushi_Fish,Sushi_Fish
11.18,0,8.6,0.00,8.38,0,7,180.00,Sushi_Fish,Sushi_Fish
11.18,0,8.6,0.00,8.38,0,7,180.00,Sushi_Fish,Sushi_Fish
11.18,0,8.6,0.00,8.38,0,7,180.00,Sushi_Fish,Sushi_Fish
11.18,0,8.6,0.00,8.38,0,7,180.00,Sushi_Fish,Sushi_Fish
11.18,0,8.6,0.00,8.38,0,7,180.00,Sushi_Fish,Sushi_Fish
11.18,0,8.6,0.00,8.38,0,7,180.00,Sushi_Fish,Sushi_Fish
11.18,0,8.6,0.00,8.38,0,7,180.00,Sushi_Fish,Sushi_Fish
11.18,0,8.6,0.00,8.38,0,7,180.00,Sushi_Fish,Sushi_Fish
11.18,0,8.6,0.00,8.38,0,7,180.00,Sushi_Fish,Sushi_Fish
11.18,0,8.6,0.00,8.38,0,7,180.00,Sushi_Fish,Sushi_Fish
11.18,0,8.6,0.00,8.38,0,7,180.00,Sushi_Fish,Sushi_Fish
11.18,0,8.6,0.00,8.38,0,7,180.00,Sushi_Fish,Sushi_Fish
11.18,0,8.6,0.00,8.38,0,7,180.00,Sushi_Fish,Sushi_Fish
11.18,0,8.6,0.00,8.38,0,7,180.00,Sushi_Fish,Sushi_Fish
11.18,0,8.6,0.00,8.38,0,7,180.00,Sushi_Fish,Sushi_Fish
11.18,0,8.6,0.00,8.38,0,7,180.00,Sushi_Fish,Sushi_Fish
11.18,0,8.6,0.00,8.38,0,7,180.00,Sushi_Fish,Sushi_Fish
11.18,0,8.6,0.00,8.38,0,7,180.00,Sushi_Fish,Sushi_Fish
11.18,0,8.6,0.00,8.38,0,7,180.00,Sushi_Fish,Sushi_Fish
11.18,0,8.6,0.00,8.38,0,7,180.00,Sushi_Fish,Sushi_Fish
11.18,0,8.6,0.00,8.38,0,7,180.00,Sushi_Fish,Sushi_Fish
11.18,0,8.6,0.00,8.38,0,7,180.00,Sushi_Fish,Sushi_Fish
11.18,0,8.6,0.00,8.38,0,7,180.00,Sushi_Fish,Sushi_Fish
11.18,0,8.6,0.00,8.38,0,7,180.00,Sushi_Fish,Sushi_Fish
11.18,0,8.6,0.00,8.38,0,7,180.00,Sushi_Fish,Sushi_Fish
11.18,0,8.6,0.00,8.38,0,7,180.00,Sushi_Fish,Sushi_Fish
11.18,0,8.6,0.00,8.38,0,7,180.00,Sushi_Fish,Sushi_Fish
11.18,0,8.6,0.00,8.38,0,7,180.00,Sushi_Fish,Sushi_Fish
11.18,0,8.6,0.00,8.38,0,7,180.00,Sushi_Fish,Sushi_Fish
11.18,0,8.6,0.00,8.38,0,7,180.00,Sushi_Fish,Sushi_Fish
11.18,0,8.6,0.00,8.38,0,7,180.00,Sushi_Fish,Sushi_Fish
11.18,0,8.6,0.00,8.38,0,7,180.00,Sushi_Fish,Sushi_Fish
11.18,0,8.6,0.00,8.38,0,7,180.00,Sushi_Fish,Sushi_Fish
11.18,0,8.6,0.00,8.38,0,7,180.00,Sushi_Fish,Sushi_Fish
11.18,0,8.6,0.00,8.38,0,7,180.00,Sushi_Fish,Sushi_Fish
11.18,0,8.6,0.00,8.38,0,7,180.00,Sushi_Fish,Sushi_Fish
11.18,0,8.6,0.00,8.38,0,7,180.00,Sushi_Fish,Sushi_Fish
11.18,0,8.6,0.00,8.38,0,7,180.00,Sushi_Fish,Sushi_Fish
11.18,0,8.6,0.00,8.38,0,7,180.00,Sushi_Fish,Sushi_Fish
11.18,0,8.6,0.00,8.38,0,7,180.00,Sushi_Fish,Sushi_Fish
11.18,0,8.6,0.00,8.38,0,7,180.00,Sushi_Fish,Sushi_Fish
11.18,0,8.6,0.00,8.38,0,7,180.00,Sushi_Fish,Sushi_Fish
11.18,0,8.6,0.00,8.38,0,7,180.00,Sushi_Fish,Sushi_Fish
11.18,0,8.6,0.00,8.38,0,7,180.00,Sushi_Fish,Sushi_Fish
11.18,0,8.6,0.00,8.38,0,7,180.00,Sushi_Fish,Sushi_Fish
11.18,0,8.6,0.00,8.38,0,7,180.00,Sushi_Fish,Sushi_Fish
11.18,0,8.6,0.00,8.38,0,7,180.00,Sushi_Fish,Sushi_Fish
11.18,0,8.6,0.00,8.38,0,7,180.00,Sushi_Fish,Sushi_Fish
11.18,0,8.6,0.00,8.38,0,7,180.00,Sushi_Fish,Sushi_Fish
11.18,0,8.6,0.00,8.38,0,7,180.00,Sushi_Fish,Sushi_Fish
11.18,0,8.6,0.00,8.38,0,7,180.00,Sushi_Fish,Sushi_Fish
11.18,0,8.6,0.00,8.38,0,7,180.00,Sushi_Fish,Sushi_Fish
11.18,0,8.6,0.00,8.38,0,7,180.00,Sushi_Fish,Sushi_Fish
11.18,0,8.6,0.00,8.38,0,7,180.00,Sushi_Fish,Sushi_Fish
11.18,0,8.6,0.00,8.38,0,7,180.00,Sushi_Fish,Sushi_Fish
11.18,0,8.6,0.00,8.38,0,7,180.00,Sushi_Fish,Sushi_Fish
11.18,0,8.6,0.00,8.38,0,7,180.00,Sushi_Fish,Sushi_Fish
11.18,0,8.6,0.00,8.38,0,7,180.00,Sushi_Fish,Sushi_Fish
11.18,0,8.6,0.00,8.38,0,7,180.00,Sushi_Fish,Sushi_Fish
11.18,0,8.6,0.00,8.38,0,7,180.00,Sushi_Fish,Sushi_Fish
11.18,0,8.6,0.00,8.38,0,7,180.00,Sushi_Fish,Sushi_Fish
11.18,0,8.6,0.00,8.38,0,7,180.00,Sushi_Fish,Sushi_Fish
11.18,0,8.6,0.00,8.38,0,7,180.00,Sushi_Fish,Sushi_Fish
11.18,0,8.6,0.00,8.38,0,7,180.00,Sushi_Fish,Sushi_Fish
11.18,0,8.6,0.00,8.38,0,7,180.00,Sushi_Fish,Sushi_Fish
11.18,0,8.6,0.00,8.38,0,7,180.00,Sushi_Fish,Sushi_Fish
11.18,0,8.6,0.00,8.38,0,7,180.00,Sushi_Fish,Sushi_Fish
11.18,0,8.6,0.00,8.38,0,7,180.00,Sushi_Fish,Sushi_Fish
11.18,0,8.6,0.00,8.38,0,7,180.00,Sushi_Fish,Sushi_Fish
11.18,0,8.6,0.00,8.38,0,7,180.00,Sushi_Fish,Sushi_Fish
11.18,0,8.6,0.00,8.38,0,7,180.00,Sushi_Fish,Sushi_Fish
11.18,0,8.6,0.00,8.38,0,7,180.00,Sushi_Fish,Sushi_Fish
11.18,0,8.6,0.00,8.38,0,7,180.00,Sushi_Fish,Sushi_Fish
11.18,0,8.6,0.00,8.38,0,7,180.00,Sushi_Fish,Sushi_Fish
11.18,0,8.6,0.00,8.38,0,7,180.00,Sushi_Fish,Sushi_Fish
11.18,0,8.6,19.10,8.38,0,7,180.00,Sushi_Fish,Sushi_Fish
11.53,0,8.58,90.00,8.38,0,7,180.00,Sushi_Fish,Sushi_Fish
11.89,0,8.58,90.00,8.38,0,7,180.00,Sushi_Fish,Sushi_Fish
12.37,0,8.58,90.00,8.38,0,7,180.00,Sushi_Fish,Sushi_Fish
12.73,0,8.58,90.00,8.38,0,7,180.00,Sushi_Fish,Sushi_Fish
13.09,0,8.58,90.00,8.38,0,7,180.00,Sushi_Fish,Sushi_Fish
13.57,0,8.58,90.00,8.38,0,7,180.00,Sushi_Fish,Sushi_Fish
13.93,0,8.58,70.90,8.38,0,7,180.00,Sushi_Fish,Sushi_Fish
14.19,0,8.6,45.00,8.38,0,7,180.00,Sushi_Fish,Sushi_Fish
14.44,0,8.6,45.00,8.38,0,7,180.00,Sushi_Fish,Sushi_Fish
14.7,0,8.6,6.80,8.38,0,7,180.00,Sushi_Fish,Sushi_Fish
14.7,0,8.6,0.00,8.38,0,7,180.00,Sushi_Fish,Sushi_Fish
14.7,0,8.6,0.00,8.38,0,7,180.00,Sushi_Fish,Sushi_Fish
14.7,0,8.48,321.80,8.38,0,7,180.00,Sushi_Fish,Sushi_Fish
14.7,0,8.12,245.41,8.38,0,7,180.00,Sushi_Fish,Sushi_Fish
14.7,0,7.64,180.00,8.38,0,7,180.00,Sushi_Fish,Sushi_Fish
14.7,0,7.28,180.00,8.38,0,7,180.00,Sushi_Fish,Sushi_Fish
14.7,0,6.92,180.00,8.38,0,7,180.00,Sushi_Fish,Sushi_Fish
14.7,0,6.56,180.00,8.38,0,7,180.00,Sushi_Fish,Sushi_Fish
14.7,0,6.2,180.00,8.38,0,7,180.00,Sushi_Fish,Sushi_Fish
14.37,0,6,256.39,8.38,0,7,180.00,Sushi_Fish,Sushi_Fish
14.19,0,6,270.00,8.38,0,7,180.00,Sushi_Fish,Sushi_Fish
14.2,0,6,270.00,8.38,0,7,180.00,Sushi_Fish,Sushi_Fish
14.2,0,6,270.00,8.38,0,7,180.00,Sushi_Fish,Sushi_Fish
14.2,0,6,289.10,8.38,0,7,180.00,Sushi_Fish,Sushi_Fish
14.2,0,6.24,0.00,8.38,0,7,180.00,Sushi_Fish,Sushi_Fish
14.2,0,6.72,0.00,8.38,0,7,180.00,Sushi_Fish,Sushi_Fish
14.2,0,7.08,0.00,8.38,0,7,180.00,Sushi_Fish,Sushi_Fish
14.2,0,7.44,0.00,8.38,0,7,180.00,Sushi_Fish,Sushi_Fish
14.2,0,7.92,0.00,8.38,0,7,180.00,Sushi_Fish,Sushi_Fish
14.2,0,8.28,0.00,8.38,0,7,180.00,Sushi_Fish,Sushi_Fish
14.2,0,8.64,0.00,8.38,0,7,180.00,Sushi_Fish,Sushi_Fish
14.2,0,8.6,0.00,8.38,0,7,180.00,Sushi_Fish,Sushi_Fish
14.2,0,8.6,0.00,8.38,0,7,180.00,Sushi_Fish,Sushi_Fish
14.2,0,8.6,0.00,8.38,0,7,180.00,Sushi_Fish,Sushi_Fish
14.2,0,8.6,0.00,8.38,0,7,180.00,Sushi_Fish,Sushi_Fish
14.2,0,8.6,0.00,8.38,0,7,180.00,Sushi_Fish,Sushi_Fish
14.2,0,8.6,0.00,8.38,0,7,180.00,Sushi_Fish,Sushi_Fish
14.2,0,8.24,283.61,8.38,0,7,180.00,Sushi_Fish,Sushi_Fish
14.2,0,7.88,207.21,8.38,0,7,180.00,Sushi_Fish,Sushi_Fish
14.2,0,7.4,180.00,8.38,0,7,180.00,Sushi_Fish,Sushi_Fish
14.2,0,7.16,180.00,8.38,0,7,180.00,Sushi_Fish,Sushi_Fish
14.2,0,6.8,180.00,8.38,0,7,180.00,Sushi_Fish,Sushi_Fish
14.22,0,6.32,180.00,8.38,0,7,180.00,Sushi_Fish,Sushi_Fish
14.22,0,5.96,180.00,8.38,0,7,180.00,Sushi_Fish,Sushi_Fish
14.22,0,5.6,180.00,8.38,0,7,180.00,Sushi_Fish,Sushi_Fish
14.22,0,5.12,180.00,8.38,0,7,180.00,Sushi_Fish,Sushi_Fish
14.22,0,4.76,180.00,8.38,0,7,180.00,Sushi_Fish,Sushi_Fish
14.22,0,4.4,180.00,8.38,0,7,180.00,Sushi_Fish,Sushi_Fish
14.22,0,4.04,180.00,8.38,0,7,180.00,Sushi_Fish,Sushi_Fish
14.22,0,3.68,180.00,8.38,0,7,180.00,Sushi_Fish,Sushi_Fish
14.22,0,3.2,180.00,8.38,0,7,180.00,Sushi_Fish,Sushi_Fish
14.22,0,2.84,180.00,8.38,0,7,180.00,Sushi_Fish,Sushi_Fish
14.22,0,2.48,180.00,8.38,0,7,180.00,Sushi_Fish,Sushi_Fish
14.22,0,2.18,160.90,8.38,0,7,180.00,Sushi_Fish,Sushi_Fish
14.58,0,2.2,90.00,8.38,0,7,180.00,Sushi_Fish,Sushi_Fish
14.94,0,2.2,90.00,8.38,0,7,180.00,Sushi_Fish,Sushi_Fish
15.41,0,2.21,90.00,8.38,0,7,180.00,Sushi_Fish,Sushi_Fish
15.65,0,2.21,90.00,8.38,0,7,180.00,Sushi_Fish,Sushi_Fish
16.01,0,2.21,109.10,8.38,0,7,180.00,Sushi_Fish,Sushi_Fish
16.38,0,2.2,173.20,8.38,0,7,180.00,Sushi_Fish,Sushi_Fish
16.38,0,2.2,180.00,8.38,0,7,180.00,Sushi_Fish,Sushi_Fish
16.38,0,2.2,180.00,8.38,0,7,180.00,Sushi_Fish,Sushi_Fish
16.38,0,2.2,199.10,8.38,0,7,180.00,Sushi_Fish,Sushi_Fish
16.15,0,2.21,225.00,8.38,0,7,180.00,Sushi_Fish,Sushi_Fish
15.9,0,2.2,225.00,8.38,0,7,180.00,Sushi_Fish,Sushi_Fish
15.66,0,2.2,270.00,8.38,0,7,180.00,Sushi_Fish,Sushi_Fish
15.42,0,2.2,270.00,8.38,0,7,180.00,Sushi_Fish,Sushi_Fish
15.42,0,2.2,250.90,8.38,0,7,180.00,Sushi_Fish,Sushi_Fish
15.42,0,2.2,180.00,8.38,0,7,180.00,Sushi_Fish,Sushi_Fish
15.42,0,2.2,180.00,8.38,0,7,180.00,Sushi_Fish,Sushi_Fish
15.42,0,2.2,180.00,8.38,0,7,180.00,Sushi_Fish,Sushi_Fish
15.42,0,2.2,180.00,8.38,0,7,180.00,Sushi_Fish,Sushi_Fish
15.42,0,2.2,180.00,8.38,0,7,180.00,Sushi_Fish,Sushi_Fish
15.42,0,2.2,180.00,8.38,0,7,180.00,Sushi_Fish,Sushi_Fish
15.42,0,2.44,237.30,8.38,0,7,180.00,Sushi_Fish,Sushi_Fish
15.42,0,2.8,313.69,8.38,0,7,180.00,Sushi_Fish,Sushi_Fish
15.42,0,3.28,0.00,8.38,0,7,180.00,Sushi_Fish,Sushi_Fish
15.42,0,3.64,0.00,8.38,0,7,180.00,Sushi_Fish,Sushi_Fish
15.42,0,4,0.00,8.38,0,7,180.00,Sushi_Fish,Sushi_Fish
15.42,0,4.48,0.00,8.38,0,7,180.00,Sushi_Fish,Sushi_Fish
15.42,0,4.72,0.00,8.38,0,7,180.00,Sushi_Fish,Sushi_Fish
15.42,0,5.2,0.00,8.38,0,7,180.00,Sushi_Fish,Sushi_Fish
15.42,0,5.56,0.00,8.38,0,7,180.00,Sushi_Fish,Sushi_Fish
15.42,0,5.92,0.00,8.38,0,7,180.00,Sushi_Fish,Sushi_Fish
15.42,0,6.4,0.00,8.38,0,7,180.00,Sushi_Fish,Sushi_Fish
15.42,0,6.76,0.00,8.38,0,7,180.00,Sushi_Fish,Sushi_Fish
15.59,0,7.05,45.00,8.38,0,7,180.00,Sushi_Fish,Sushi_Fish
15.92,0,7.39,45.00,8.38,0,7,180.00,Sushi_Fish,Sushi_Fish
16.09,0,7.56,45.00,8.38,0,7,180.00,Sushi_Fish,Sushi_Fish
16.26,0,7.85,0.00,8.38,0,7,180.00,Sushi_Fish,Sushi_Fish
16.26,0,8.33,0.00,8.38,0,7,180.00,Sushi_Fish,Sushi_Fish
16.26,0,8.69,0.00,8.38,0,7,180.00,Sushi_Fish,Sushi_Fish
16.26,0,8.6,0.00,8.38,0,7,180.00,Sushi_Fish,Sushi_Fish
16.26,0,8.6,0.00,8.38,0,7,180.00,Sushi_Fish,Sushi_Fish
16.26,0,8.6,0.00,8.38,0,7,180.00,Sushi_Fish,Sushi_Fish
16.26,0,8.36,283.61,8.38,0,7,180.00,Sushi_Fish,Sushi_Fish
16.26,0,8,207.21,8.38,0,7,180.00,Sushi_Fish,Sushi_Fish
16.26,0,7.64,180.00,8.38,0,7,180.00,Sushi_Fish,Sushi_Fish
16.26,0,7.16,180.00,8.38,0,7,180.00,Sushi_Fish,Sushi_Fish
16.09,0,6.87,225.00,8.38,0,7,180.00,Sushi_Fish,Sushi_Fish
15.84,0,6.62,225.00,8.38,0,7,180.00,Sushi_Fish,Sushi_Fish
15.5,0,6.28,225.00,8.38,0,7,180.00,Sushi_Fish,Sushi_Fish
15.25,0,6.02,225.00,8.38,0,7,180.00,Sushi_Fish,Sushi_Fish
14.99,0,5.77,244.10,8.38,0,7,180.00,Sushi_Fish,Sushi_Fish
14.51,0,5.77,270.00,8.38,0,7,180.00,Sushi_Fish,Sushi_Fish
14.27,0,5.77,270.00,8.38,0,7,180.00,Sushi_Fish,Sushi_Fish
14.2,0,5.77,270.00,8.38,0,7,180.00,Sushi_Fish,Sushi_Fish
14.2,0,5.77,270.00,8.38,0,7,180.00,Sushi_Fish,Sushi_Fish
14.2,0,5.77,289.10,8.38,0,7,180.00,Sushi_Fish,Sushi_Fish
14.2,0,6.13,0.00,8.38,0,7,180.00,Sushi_Fish,Sushi_Fish
14.2,0,6.61,0.00,8.38,0,7,180.00,Sushi_Fish,Sushi_Fish
14.2,0,6.97,0.00,8.38,0,7,180.00,Sushi_Fish,Sushi_Fish
14.2,0,7.33,0.00,8.38,0,7,180.00,Sushi_Fish,Sushi_Fish
14.2,0,7.69,0.00,8.38,0,7,180.00,Sushi_Fish,Sushi_Fish
14.2,0,8.05,0.00,8.38,0,7,180.00,Sushi_Fish,Sushi_Fish
14.2,0,8.53,0.00,8.38,0,7,180.00,Sushi_Fish,Sushi_Fish
14.2,0,8.6,0.00,8.38,0,7,180.00,Sushi_Fish,Sushi_Fish
14.2,0,8.6,340.90,8.38,0,7,180.00,Sushi_Fish,Sushi_Fish
13.76,0,8.58,270.00,8.38,0,7,180.00,Sushi_Fish,Sushi_Fish
13.4,0,8.58,270.00,8.38,0,7,180.00,Sushi_Fish,Sushi_Fish
13.16,0,8.58,270.00,8.38,0,7,180.00,Sushi_Fish,Sushi_Fish
12.68,0,8.58,270.00,8.38,0,7,180.00,Sushi_Fish,Sushi_Fish
12.32,0,8.58,270.00,8.38,0,7,180.00,Sushi_Fish,Sushi_Fish
11.96,0,8.58,270.00,8.38,0,7,180.00,Sushi_Fish,Sushi_Fish
11.48,0,8.58,270.00,8.38,0,7,180.00,Sushi_Fish,Sushi_Fish
11.12,0,8.58,250.90,8.38,0,7,180.00,Sushi_Fish,Sushi_Fish
10.86,0,8.33,205.90,8.38,0,7,180.00,Sushi_Fish,Sushi_Fish
10.86,0,7.85,180.00,8.38,0,7,180.00,Sushi_Fish,Sushi_Fish
10.86,0,7.61,180.00,8.38,0,7,180.00,Sushi_Fish,Sushi_Fish
10.86,0,7.13,180.00,8.38,0,7,180.00,Sushi_Fish,Sushi_Fish
10.86,0,7,180.00,8.38,0,7,180.00,Sushi_Fish,Sushi_Fish
10.95,0,7,135.00,8.38,0,7,180.00,Sushi_Fish,Sushi_Fish
11.39,0,7.02,90.00,8.38,0,7,180.00,Sushi_Fish,Sushi_Fish
11.75,0,7.02,90.00,8.38,0,7,180.00,Sushi_Fish,Sushi_Fish
12.11,0,7.02,90.00,8.38,0,7,180.00,Sushi_Fish,Sushi_Fish
12.59,0,7.02,90.00,8.38,0,7,180.00,Sushi_Fish,Sushi_Fish
12.83,0,7.02,90.00,8.38,0,7,180.00,Sushi_Fish,Sushi_Fish
13.19,0,7.02,90.00,8.38,0,7,180.00,Sushi_Fish,Sushi_Fish
13.67,0,7.02,90.00,8.38,0,7,180.00,Sushi_Fish,Sushi_Fish
14.03,0,7.02,90.00,8.38,0,7,180.00,Sushi_Fish,Sushi_Fish
14.39,0,7.02,128.20,8.38,0,7,180.00,Sushi_Fish,Sushi_Fish
14.64,0,6.65,173.20,8.38,0,7,180.00,Sushi_Fish,Sushi_Fish
14.64,0,6.29,180.00,8.38,0,7,180.00,Sushi_Fish,Sushi_Fish
14.64,0,5.93,180.00,8.38,0,7,180.00,Sushi_Fish,Sushi_Fish
14.64,0,5.57,180.00,8.38,0,7,180.00,Sushi_Fish,Sushi_Fish
14.64,0,5.21,180.00,8.38,0,7,180.00,Sushi_Fish,Sushi_Fish
14.64,0,4.73,180.00,8.38,0,7,180.00,Sushi_Fish,Sushi_Fish
14.64,0,4.8,180.00,8.38,0,7,180.00,Sushi_Fish,Sushi_Fish
14.64,0,4.8,180.00,8.38,0,7,180.00,Sushi_Fish,Sushi_Fish
14.64,0,4.8,180.00,8.38,0,7,180.00,Sushi_Fish,Sushi_Fish
14.64,0,4.8,180.00,8.38,0,7,180.00,Sushi_Fish,Sushi_Fish
14.64,0,4.8,180.00,8.38,0,7,180.00,Sushi_Fish,Sushi_Fish
14.75,0,4.74,180.00,8.38,0,7,180.00,Sushi_Fish,Sushi_Fish
14.83,0,4.45,180.00,8.38,0,7,180.00,Sushi_Fish,Sushi_Fish
14.86,0,4.1,180.00,8.38,0,7,180.00,Sushi_Fish,Sushi_Fish
14.86,0,3.62,180.00,8.38,0,7,180.00,Sushi_Fish,Sushi_Fish
14.86,0,3.26,180.00,8.38,0,7,180.00,Sushi_Fish,Sushi_Fish
14.86,0,2.9,180.00,8.38,0,7,180.00,Sushi_Fish,Sushi_Fish
14.86,0,2.54,180.00,8.38,0,7,180.00,Sushi_Fish,Sushi_Fish
14.86,0,2.18,180.00,8.38,0,7,180.00,Sushi_Fish,Sushi_Fish
14.86,0,2.2,180.00,8.38,0,7,180.00,Sushi_Fish,Sushi_Fish
14.86,0,2.2,180.00,8.38,0,7,180.00,Sushi_Fish,Sushi_Fish
14.86,0,2.32,218.20,8.38,0,7,180.00,Sushi_Fish,Sushi_Fish
14.86,0,2.8,294.59,8.38,0,7,180.00,Sushi_Fish,Sushi_Fish
14.86,0,3.16,0.00,8.38,0,7,180.00,Sushi_Fish,Sushi_Fish
14.86,0,3.52,0.00,8.38,0,7,180.00,Sushi_Fish,Sushi_Fish
14.86,0,4,0.00,8.38,0,7,180.00,Sushi_Fish,Sushi_Fish
14.86,0,4.36,0.00,8.38,0,7,180.00,Sushi_Fish,Sushi_Fish
14.86,0,4.6,0.00,8.38,0,7,180.00,Sushi_Fish,Sushi_Fish
14.86,0,5.08,0.00,8.38,0,7,180.00,Sushi_Fish,Sushi_Fish
14.86,0,5.44,0.00,8.38,0,7,180.00,Sushi_Fish,Sushi_Fish
14.86,0,5.8,0.00,8.38,0,7,180.00,Sushi_Fish,Sushi_Fish
14.86,0,6.28,0.00,8.38,0,7,180.00,Sushi_Fish,Sushi_Fish
14.86,0,6.64,0.00,8.38,0,7,180.00,Sushi_Fish,Sushi_Fish
14.69,0,6.93,315.00,8.38,0,7,180.00,Sushi_Fish,Sushi_Fish
14.35,0,7.27,295.90,8.38,0,7,180.00,Sushi_Fish,Sushi_Fish
14.11,0,7.27,270.00,8.38,0,7,180.00,Sushi_Fish,Sushi_Fish
13.63,0,7.27,270.00,8.38,0,7,180.00,Sushi_Fish,Sushi_Fish
13.27,0,7.27,270.00,8.38,0,7,180.00,Sushi_Fish,Sushi_Fish
12.91,0,7.27,270.00,8.38,0,7,180.00,Sushi_Fish,Sushi_Fish
12.43,0,7.27,270.00,8.38,0,7,180.00,Sushi_Fish,Sushi_Fish
12.07,0,7.27,250.90,8.38,0,7,180.00,Sushi_Fish,Sushi_Fish
11.9,0,6.98,180.00,8.38,0,7,180.00,Sushi_Fish,Sushi_Fish
11.9,0,7,180.00,8.38,0,7,180.00,Sushi_Fish,Sushi_Fish
11.9,0,7,180.00,8.38,0,7,180.00,Sushi_Fish,Sushi_Fish
11.9,0,7,180.00,8.38,0,7,180.00,Sushi_Fish,Sushi_Fish
11.9,0,7,180.00,8.38,0,7,180.00,Sushi_Fish,Sushi_Fish
11.66,0,7,237.30,8.38,0,7,180.00,Sushi_Fish,Sushi_Fish
11.3,0,7.01,270.00,8.38,0,7,180.00,Sushi_Fish,Sushi_Fish
10.82,0,7.01,270.00,8.38,0,7,180.00,Sushi_Fish,Sushi_Fish
10.53,0,7.18,334.10,8.38,0,7,180.00,Sushi_Fish,Sushi_Fish
10.53,0,7.54,0.00,8.38,0,7,180.00,Sushi_Fish,Sushi_Fish
10.53,0,8.02,0.00,8.38,0,7,180.00,Sushi_Fish,Sushi_Fish
10.53,0,8.26,0.00,8.38,0,7,180.00,Sushi_Fish,Sushi_Fish
10.53,0,8.6,0.00,8.38,0,7,180.00,Sushi_Fish,Sushi_Fish
10.53,0,8.6,0.00,8.38,0,7,180.00,Sushi_Fish,Sushi_Fish
10.53,0,8.6,0.00,8.38,0,7,180.00,Sushi_Fish,Sushi_Fish
10.53,0,8.6,0.00,8.38,0,7,180.00,Sushi_Fish,Sushi_Fish
10.53,0,8.6,0.00,8.38,0,7,180.00,Sushi_Fish,Sushi_Fish
10.53,0,8.6,0.00,8.38,0,7,180.00,Sushi_Fish,Sushi_Fish
10.53,0,8.6,0.00,8.38,0,7,180.00,Sushi_Fish,Sushi_Fish
10.53,0,8.6,0.00,8.38,0,7,180.00,Sushi_Fish,Sushi_Fish
10.53,0,8.6,0.00,8.38,0,7,180.00,Sushi_Fish,Sushi_Fish
10.53,0,8.6,0.00,8.38,0,7,180.00,Sushi_Fish,Sushi_Fish
10.53,0,8.6,0.00,8.38,0,7,180.00,Sushi_Fish,Sushi_Fish
10.53,0,8.6,0.00,8.38,0,7,180.00,Sushi_Fish,Sushi_Fish
10.53,0,8.6,0.00,8.38,0,7,180.00,Sushi_Fish,Sushi_Fish
10.53,0,8.6,0.00,8.38,0,7,180.00,Sushi_Fish,Sushi_Fish
10.53,0,8.6,0.00,8.38,0,7,180.00,Sushi_Fish,Sushi_Fish
10.53,0,8.6,0.00,8.38,0,7,180.00,Sushi_Fish,Sushi_Fish
10.53,0,8.6,0.00,8.38,0,7,180.00,Sushi_Fish,Sushi_Fish
10.53,0,8.6,0.00,8.38,0,7,180.00,Sushi_Fish,Sushi_Fish
10.53,0,8.6,0.00,8.38,0,7,180.00,Sushi_Fish,Sushi_Fish
10.53,0,8.6,0.00,8.38,0,7,180.00,Sushi_Fish,Sushi_Fish
10.53,0,8.6,0.00,8.38,0,7,180.00,Sushi_Fish,Sushi_Fish
10.53,0,8.6,0.00,8.38,0,7,180.00,Sushi_Fish,Sushi_Fish
10.53,0,8.6,0.00,8.38,0,7,180.00,Sushi_Fish,Sushi_Fish
10.53,0,8.6,0.00,8.38,0,7,180.00,Sushi_Fish,Sushi_Fish
10.53,0,8.6,0.00,8.38,0,7,180.00,Sushi_Fish,Sushi_Fish
10.53,0,8.6,0.00,8.38,0,7,180.00,Sushi_Fish,Sushi_Fish
10.53,0,8.6,0.00,8.38,0,7,180.00,Sushi_Fish,Sushi_Fish
10.53,0,8.6,0.00,8.38,0,7,180.00,Sushi_Fish,Sushi_Fish
10.53,0,8.6,0.00,8.38,0,7,180.00,Sushi_Fish,Sushi_Fish
10.53,0,8.6,0.00,8.38,0,7,180.00,Sushi_Fish,Sushi_Fish
10.53,0,8.6,0.00,8.38,0,7,180.00,Sushi_Fish,Sushi_Fish
10.53,0,8.6,0.00,8.38,0,7,180.00,Sushi_Fish,Sushi_Fish
10.53,0,8.6,0.00,8.38,0,7,180.00,Sushi_Fish,Sushi_Fish
10.53,0,8.6,0.00,8.38,0,7,180.00,Sushi_Fish,Sushi_Fish
10.53,0,8.6,0.00,8.38,0,7,180.00,Sushi_Fish,Sushi_Fish
10.53,0,8.6,0.00,8.38,0,7,180.00,Sushi_Fish,Sushi_Fish
10.53,0,8.6,0.00,8.38,0,7,180.00,Sushi_Fish,Sushi_Fish
10.53,0,8.6,0.00,8.38,0,7,180.00,Sushi_Fish,Sushi_Fish
10.53,0,8.6,0.00,8.38,0,7,180.00,Sushi_Fish,Sushi_Fish
10.53,0,8.6,0.00,8.38,0,7,180.00,Sushi_Fish,Sushi_Fish
10.53,0,8.6,0.00,8.38,0,7,180.00,Sushi_Fish,Sushi_Fish
10.53,0,8.6,0.00,8.38,0,7,180.00,Sushi_Fish,Sushi_Fish
10.53,0,8.6,0.00,8.38,0,7,180.00,Sushi_Fish,Sushi_Fish
10.53,0,8.6,0.00,8.38,0,7,180.00,Sushi_Fish,Sushi_Fish
10.53,0,8.6,0.00,8.38,0,7,180.00,Sushi_Fish,Sushi_Fish
10.53,0,8.6,0.00,8.38,0,7,180.00,Sushi_Fish,Sushi_Fish
10.53,0,8.6,0.00,8.38,0,7,180.00,Sushi_Fish,Sushi_Fish
10.53,0,8.6,0.00,8.38,0,7,180.00,Sushi_Fish,Sushi_Fish
10.53,0,8.6,0.00,8.38,0,7,180.00,Sushi_Fish,Sushi_Fish
10.53,0,8.6,0.00,8.38,0,7,180.00,Sushi_Fish,Sushi_Fish
10.53,0,8.6,0.00,8.38,0,7,180.00,Sushi_Fish,Sushi_Fish
10.53,0,8.6,0.00,8.38,0,7,180.00,Sushi_Fish,Sushi_Fish
10.53,0,8.6,0.00,8.38,0,7,180.00,Sushi_Fish,Sushi_Fish
10.53,0,8.6,0.00,8.38,0,7,180.00,Sushi_Fish,Sushi_Fish
10.53,0,8.6,0.00,8.38,0,7,180.00,Sushi_Fish,Sushi_Fish
10.53,0,8.6,0.00,8.38,0,7,180.00,Sushi_Fish,Sushi_Fish
10.53,0,8.6,0.00,8.38,0,7,180.00,Sushi_Fish,Sushi_Fish
10.53,0,8.6,0.00,8.38,0,7,180.00,Sushi_Fish,Sushi_Fish
10.53,0,8.6,0.00,8.38,0,7,180.00,Sushi_Fish,Sushi_Fish
10.53,0,8.6,0.00,8.38,0,7,180.00,Sushi_Fish,Sushi_Fish
10.53,0,8.6,0.00,8.38,0,7,180.00,Sushi_Fish,Sushi_Fish
10.53,0,8.6,0.00,8.38,0,7,180.00,Sushi_Fish,Sushi_Fish
10.53,0,8.6,0.00,8.38,0,7,180.00,Sushi_Fish,Sushi_Fish
10.53,0,8.6,0.00,8.38,0,7,180.00,Sushi_Fish,Sushi_Fish
10.53,0,8.6,0.00,8.38,0,7,180.00,Sushi_Fish,Sushi_Fish
10.53,0,8.6,0.00,8.38,0,7,180.00,Sushi_Fish,Sushi_Fish
10.53,0,8.6,0.00,8.38,0,7,180.00,Sushi_Fish,Sushi_Fish
10.53,0,8.6,0.00,8.38,0,7,180.00,Sushi_Fish,Sushi_Fish
10.53,0,8.6,0.00,8.38,0,7,180.00,Sushi_Fish,Sushi_Fish
10.53,0,8.6,0.00,8.38,0,7,180.00,Sushi_Fish,Sushi_Fish
10.53,0,8.6,0.00,8.38,0,7,180.00,Sushi_Fish,Sushi_Fish
10.53,0,8.6,0.00,8.38,0,7,180.00,Sushi_Fish,Sushi_Fish
10.53,0,8.6,0.00,8.38,0,7,180.00,Sushi_Fish,Sushi_Fish
10.53,0,8.6,0.00,8.38,0,7,180.00,Sushi_Fish,Sushi_Fish
10.53,0,8.6,0.00,8.38,0,7,180.00,Sushi_Fish,Sushi_Fish
10.53,0,8.6,0.00,8.38,0,7,180.00,Sushi_Fish,Sushi_Fish
10.53,0,8.6,0.00,8.38,0,7,180.00,Sushi_Fish,Sushi_Fish
10.53,0,8.6,0.00,8.38,0,7,180.00,Sushi_Fish,Sushi_Fish
10.53,0,8.6,0.00,8.38,0,7,180.00,Sushi_Fish,Sushi_Fish
10.53,0,8.6,0.00,8.38,0,7,180.00,Sushi_Fish,Sushi_Fish
10.53,0,8.6,0.00,8.38,0,7,180.00,Sushi_Fish,Sushi_Fish
10.53,0,8.6,0.00,8.38,0,7,180.00,Sushi_Fish,Sushi_Fish
10.53,0,8.6,0.00,8.38,0,7,180.00,Sushi_Fish,Sushi_Fish
10.53,0,8.6,0.00,8.38,0,7,180.00,Sushi_Fish,Sushi_Fish
10.53,0,8.6,0.00,8.38,0,7,180.00,Sushi_Fish,Sushi_Fish
10.53,0,8.6,0.00,8.38,0,7,180.00,Sushi_Fish,Sushi_Fish
10.53,0,8.6,0.00,8.38,0,7,180.00,Sushi_Fish,Sushi_Fish
10.53,0,8.6,0.00,8.38,0,7,180.00,Sushi_Fish,Sushi_Fish
10.53,0,8.6,0.00,8.38,0,7,180.00,Sushi_Fish,Sushi_Fish
10.53,0,8.6,0.00,8.38,0,7,180.00,Sushi_Fish,Sushi_Fish
10.53,0,8.6,0.00,8.38,0,7,180.00,Sushi_Fish,Sushi_Fish
10.53,0,8.6,0.00,8.38,0,7,180.00,Sushi_Fish,Sushi_Fish
10.53,0,8.6,0.00,8.38,0,7,180.00,Sushi_Fish,Sushi_Fish
10.53,0,8.6,0.00,8.38,0,7,180.00,Sushi_Fish,Sushi_Fish
10.53,0,8.6,0.00,8.38,0,7,180.00,Sushi_Fish,Sushi_Fish
10.53,0,8.6,0.00,8.38,0,7,180.00,Sushi_Fish,Sushi_Fish
10.53,0,8.6,0.00,8.38,0,7,180.00,Sushi_Fish,Sushi_Fish
10.53,0,8.6,0.00,8.38,0,7,180.00,Sushi_Fish,Sushi_Fish
10.53,0,8.6,0.00,8.38,0,7,180.00,Sushi_Fish,Sushi_Fish
10.53,0,8.6,0.00,8.38,0,7,180.00,Sushi_Fish,Sushi_Fish
10.53,0,8.6,0.00,8.38,0,7,180.00,Sushi_Fish,Sushi_Fish
10.53,0,8.6,0.00,8.38,0,7,180.00,Sushi_Fish,Sushi_Fish
10.53,0,8.6,0.00,8.38,0,7,180.00,Sushi_Fish,Sushi_Fish
10.53,0,8.6,0.00,8.38,0,7,180.00,Sushi_Fish,Sushi_Fish
10.53,0,8.6,0.00,8.38,0,7,180.00,Sushi_Fish,Sushi_Fish
10.53,0,8.6,0.00,8.38,0,7,180.00,Sushi_Fish,Sushi_Fish
10.53,0,8.6,0.00,8.38,0,7,180.00,Sushi_Fish,Sushi_Fish
10.53,0,8.6,0.00,8.38,0,7,180.00,Sushi_Fish,Sushi_Fish
10.53,0,8.6,0.00,8.38,0,7,180.00,Sushi_Fish,Sushi_Fish
10.53,0,8.6,0.00,8.38,0,7,180.00,Sushi_Fish,Sushi_Fish
10.53,0,8.6,0.00,8.38,0,7,180.00,Sushi_Fish,Sushi_Fish
10.53,0,8.6,0.00,8.38,0,7,180.00,Sushi_Fish,Sushi_Fish
10.53,0,8.6,0.00,8.38,0,7,180.00,Sushi_Fish,Sushi_Fish
10.53,0,8.6,0.00,8.38,0,7,180.00,Sushi_Fish,Sushi_Fish
10.53,0,8.6,0.00,8.38,0,7,180.00,Sushi_Fish,Sushi_Fish
10.53,0,8.6,0.00,8.38,0,7,180.00,Sushi_Fish,Sushi_Fish
10.53,0,8.6,0.00,8.38,0,7,180.00,Sushi_Fish,Sushi_Fish
10.53,0,8.6,0.00,8.38,0,7,180.00,Sushi_Fish,Sushi_Fish
10.53,0,8.6,0.00,8.38,0,7,180.00,Sushi_Fish,Sushi_Fish
10.53,0,8.6,0.00,8.38,0,7,180.00,Sushi_Fish,Sushi_Fish
10.53,0,8.6,19.10,8.38,0,7,180.00,Sushi_Fish,Sushi_Fish
10.89,0,8.6,90.00,8.38,0,7,180.00,Sushi_Fish,Sushi_Fish
11.25,0,8.6,90.00,8.38,0,7,180.00,Sushi_Fish,Sushi_Fish
11.61,0,8.59,90.00,8.38,0,7,180.00,Sushi_Fish,Sushi_Fish
12.09,0,8.59,90.00,8.38,0,7,180.00,Sushi_Fish,Sushi_Fish
12.45,0,8.59,90.00,8.38,0,7,180.00,Sushi_Fish,Sushi_Fish
12.81,0,8.59,90.00,8.38,0,7,180.00,Sushi_Fish,Sushi_Fish
13.29,0,8.59,90.00,8.38,0,7,180.00,Sushi_Fish,Sushi_Fish
13.65,0,8.59,90.00,8.38,0,7,180.00,Sushi_Fish,Sushi_Fish
14.01,0,8.59,90.00,8.38,0,7,180.00,Sushi_Fish,Sushi_Fish
14.39,0,8.6,45.00,8.38,0,7,180.00,Sushi_Fish,Sushi_Fish
14.56,0,8.6,25.90,8.38,0,7,180.00,Sushi_Fish,Sushi_Fish
14.64,0,8.6,0.00,8.38,0,7,180.00,Sushi_Fish,Sushi_Fish
14.64,0,8.6,0.00,8.38,0,7,180.00,Sushi_Fish,Sushi_Fish
14.64,0,8.6,0.00,8.38,0,7,180.00,Sushi_Fish,Sushi_Fish
14.64,0,8.6,0.00,8.38,0,7,180.00,Sushi_Fish,Sushi_Fish
14.64,0,8.6,0.00,8.38,0,7,180.00,Sushi_Fish,Sushi_Fish
14.64,0,8.6,321.80,8.38,0,7,180.00,Sushi_Fish,Sushi_Fish
14.64,0,8.12,245.41,8.38,0,7,180.00,Sushi_Fish,Sushi_Fish
14.64,0,7.76,188.11,8.38,0,7,180.00,Sushi_Fish,Sushi_Fish
14.64,0,7.4,180.00,8.38,0,7,180.00,Sushi_Fish,Sushi_Fish
14.64,0,6.92,180.00,8.38,0,7,180.00,Sushi_Fish,Sushi_Fish
14.64,0,6.56,180.00,8.38,0,7,180.00,Sushi_Fish,Sushi_Fish
14.64,0,6.2,180.00,8.38,0,7,180.00,Sushi_Fish,Sushi_Fish
14.64,0,5.84,180.00,8.38,0,7,180.00,Sushi_Fish,Sushi_Fish
14.64,0,5.48,180.00,8.38,0,7,180.00,Sushi_Fish,Sushi_Fish
14.64,0,5.12,180.00,8.38,0,7,180.00,Sushi_Fish,Sushi_Fish
14.64,0,4.64,180.00,8.38,0,7,180.00,Sushi_Fish,Sushi_Fish
14.64,0,4.28,180.00,8.38,0,7,180.00,Sushi_Fish,Sushi_Fish
14.64,0,3.8,180.00,8.38,0,7,180.00,Sushi_Fish,Sushi_Fish
14.64,0,3.44,180.00,8.38,0,7,180.00,Sushi_Fish,Sushi_Fish
14.64,0,2.96,180.00,8.38,0,7,180.00,Sushi_Fish,Sushi_Fish
14.64,0,2.72,180.00,8.38,0,7,180.00,Sushi_Fish,Sushi_Fish
14.64,0,2.24,180.00,8.38,0,7,180.00,Sushi_Fish,Sushi_Fish
14.64,0,2.2,180.00,8.38,0,7,180.00,Sushi_Fish,Sushi_Fish
14.64,0,2.2,180.00,8.38,0,7,180.00,Sushi_Fish,Sushi_Fish
14.64,0,2.2,180.00,8.38,0,7,180.00,Sushi_Fish,Sushi_Fish
14.64,0,2.44,256.39,8.38,0,7,180.00,Sushi_Fish,Sushi_Fish
14.64,0,2.8,332.79,8.38,0,7,180.00,Sushi_Fish,Sushi_Fish
14.81,0,3.21,45.00,8.38,0,7,180.00,Sushi_Fish,Sushi_Fish
15.07,0,3.46,45.00,8.38,0,7,180.00,Sushi_Fish,Sushi_Fish
15.32,0,3.72,45.00,8.38,0,7,180.00,Sushi_Fish,Sushi_Fish
15.58,0,3.97,45.00,8.38,0,7,180.00,Sushi_Fish,Sushi_Fish
15.83,0,4.23,45.00,8.38,0,7,180.00,Sushi_Fish,Sushi_Fish
15.83,0,4.23,45.00,8.38,0,7,180.00,Sushi_Fish,Sushi_Fish
16.51,0,4.91,45.00,8.38,0,7,180.00,Sushi_Fish,Sushi_Fish
16.76,0,5.16,45.00,8.38,0,7,180.00,Sushi_Fish,Sushi_Fish
17.02,0,5.42,45.00,8.38,0,7,180.00,Sushi_Fish,Sushi_Fish
17.36,0,5.76,45.00,8.38,0,7,180.00,Sushi_Fish,Sushi_Fish
17.7,0,6.09,25.90,8.38,0,7,180.00,Sushi_Fish,Sushi_Fish
17.7,0,6.45,0.00,8.38,0,7,180.00,Sushi_Fish,Sushi_Fish
17.7,0,6.93,0.00,8.38,0,7,180.00,Sushi_Fish,Sushi_Fish
17.7,0,7.29,0.00,8.38,0,7,180.00,Sushi_Fish,Sushi_Fish
17.53,0,7.58,315.00,8.38,0,7,180.00,Sushi_Fish,Sushi_Fish
17.19,0,7.92,315.00,8.38,0,7,180.00,Sushi_Fish,Sushi_Fish
17.02,0,8.09,315.00,8.38,0,7,180.00,Sushi_Fish,Sushi_Fish
16.76,0,8.35,315.00,8.38,0,7,180.00,Sushi_Fish,Sushi_Fish
16.42,0,8.6,315.00,8.38,0,7,180.00,Sushi_Fish,Sushi_Fish
16.17,0,8.6,353.20,8.38,0,7,180.00,Sushi_Fish,Sushi_Fish
16.17,0,8.6,0.00,8.38,0,7,180.00,Sushi_Fish,Sushi_Fish
16.17,0,8.6,0.00,8.38,0,7,180.00,Sushi_Fish,Sushi_Fish
16.17,0,8.6,0.00,8.38,0,7,180.00,Sushi_Fish,Sushi_Fish
16.17,0,8.6,0.00,8.38,0,7,180.00,Sushi_Fish,Sushi_Fish
16.17,0,8.6,340.90,8.38,0,7,180.00,Sushi_Fish,Sushi_Fish
15.93,0,8.6,270.00,8.38,0,7,180.00,Sushi_Fish,Sushi_Fish
15.45,0,8.6,270.00,8.38,0,7,180.00,Sushi_Fish,Sushi_Fish
15.09,0,8.6,270.00,8.38,0,7,180.00,Sushi_Fish,Sushi_Fish
14.73,0,8.58,270.00,8.38,0,7,180.00,Sushi_Fish,Sushi_Fish
14.25,0,8.58,270.00,8.38,0,7,180.00,Sushi_Fish,Sushi_Fish
13.89,0,8.58,270.00,8.38,0,7,180.00,Sushi_Fish,Sushi_Fish
13.53,0,8.58,270.00,8.38,0,7,180.00,Sushi_Fish,Sushi_Fish
13.05,0,8.58,270.00,8.38,0,7,180.00,Sushi_Fish,Sushi_Fish
12.69,0,8.58,270.00,8.38,0,7,180.00,Sushi_Fish,Sushi_Fish
12.45,0,8.58,270.00,8.38,0,7,180.00,Sushi_Fish,Sushi_Fish
12.04,0,8.41,225.00,8.38,0,7,180.00,Sushi_Fish,Sushi_Fish
